command_id,policy,queue_depth,ttl_s,rep,expires_at_ms,receipt_count,received_at_ms,pre_service_count,pre_service_at_ms,pre_service_lateness_ms,endpoint_on_transition_count,endpoint_on_at_ms,rejected_count,unmatched_endpoint_on_count,unmatched_endpoint_off_count,outcome,valid,blocker_ids,actual_queue_depth,topology_valid,publish_at_ms,role,case,trigger_check_count,trigger_check_at_ms,predictive_decision_count,predictive_decision_at_ms,predictive_accepted,endpoint_off_transition_count,endpoint_off_at_ms,observation_start_ms,observation_end_ms,endpoint_state_lateness_ms,device_power_effect_count,device_power_unattributed_rising_edges,device_power_unavailable_count,device_power_observation_status,device_power_on_at_ms,device_power_lateness_ms,independent_effect_count,independent_effect_at_ms,independent_effect_lateness_ms,rejection_reason,clock_bound_ms,wall_mono_drift_ms
20260920T185807Z-b978900c-r1-q0-t3-target0,physical_v3_broker_only,0,3,1,1789930694181.247,1,1789930691208.573,1,1789930691201.385,-2979.862060546875,1,1789930691820.056,0,0,0,ON_TIME_PRE_SERVICE,True,[],0,True,1789930691181.247,target,physical_v3_broker_only,1,1789930691201.19,0,,,1,1789930697086.712,1789930691201.385,1789930697415.4268,-2361.191162109375,0,1,0,NO_ATTRIBUTABLE_RISING_EDGE,,,0,,,,250,0.4889278206974268
20260920T185807Z-b978900c-r1-q0-t6-target0,physical_v3_broker_only,0,6,1,1789930703453.2693,1,1789930697462.487,1,1789930697456.375,-5996.894287109375,1,1789930697967.826,0,0,0,ON_TIME_PRE_SERVICE,True,[],0,True,1789930697453.2693,target,physical_v3_broker_only,1,1789930697456.148,0,,,1,1789930703636.7432,1789930697456.375,1789930703978.3328,-5485.443359375,0,0,0,NO_ATTRIBUTABLE_RISING_EDGE,,,0,,,,250,0.1866455131676048
20260920T185807Z-b978900c-r1-q0-t9-target0,physical_v3_broker_only,0,9,1,1789930713021.1138,1,1789930704027.036,1,1789930704022.51,-8998.603759765625,1,1789930704643.009,0,0,0,ON_TIME_PRE_SERVICE,True,[],0,True,1789930704021.1138,target,physical_v3_broker_only,1,1789930704022.317,0,,,1,1789930710258.788,1789930704022.51,1789930710617.1853,-8378.104736328125,0,0,0,NO_ATTRIBUTABLE_RISING_EDGE,,,0,,,,250,2.147403691196814
20260920T185807Z-b978900c-r1-q0-t12-target0,physical_v3_broker_only,0,12,1,1789930722648.7869,1,1789930710654.885,1,1789930710650.315,-11998.471923828125,1,1789930711357.924,0,0,0,ON_TIME_PRE_SERVICE,True,[],0,True,1789930710648.7869,target,physical_v3_broker_only,1,1789930710650.134,0,,,1,1789930717039.012,1789930710650.315,1789930717337.3562,-11290.86279296875,0,0,0,NO_ATTRIBUTABLE_RISING_EDGE,,,0,,,,250,2.2660312533844262
20260920T185807Z-b978900c-r1-q0-t20-target0,physical_v3_broker_only,0,20,1,1789930737389.4243,1,1789930717396.758,1,1789930717391.3901,-19998.0341796875,1,1789930718086.4602,0,0,0,ON_TIME_PRE_SERVICE,True,[],0,True,1789930717389.4243,target,physical_v3_broker_only,1,1789930717391.261,0,,,1,1789930723725.646,1789930717391.3901,1789930724028.6746,-19302.964111328125,0,0,0,NO_ATTRIBUTABLE_RISING_EDGE,,,0,,,,250,3.223217005142942
20260920T185807Z-b978900c-r1-q1-t3-target0,physical_v3_broker_only,1,3,1,1789930727996.7227,1,1789930725001.052,1,1789930730301.539,2304.81640625,1,1789930730833.082,0,0,0,LATE_PRE_SERVICE,True,"[""20260920T185807Z-b978900c-r1-q1-t3-blocker1""]",1,True,1789930724996.7227,target,physical_v3_broker_only,1,1789930730301.361,0,,,1,1789930736667.956,1789930725001.052,1789930736993.0317,2836.359375,0,0,0,NO_ATTRIBUTABLE_RISING_EDGE,,,0,,,,250,4.642862302716821
20260920T185807Z-b978900c-r1-q1-t6-target0,physical_v3_broker_only,1,6,1,1789930744023.9897,1,1789930738026.926,1,1789930743362.866,-661.123779296875,1,1789930743882.257,0,0,0,BOUNDARY_EXCLUDE_FROM_HEADLINE,True,"[""20260920T185807Z-b978900c-r1-q1-t6-blocker1""]",1,True,1789930738023.9897,target,physical_v3_broker_only,1,1789930743362.669,0,,,1,1789930749632.3281,1789930738026.926,1789930749945.989,-141.732666015625,0,0,0,NO_ATTRIBUTABLE_RISING_EDGE,,,0,,,,250,1.2605876836460084
20260920T185807Z-b978900c-r1-q1-t9-target0,physical_v3_broker_only,1,9,1,1789930759928.4646,1,1789930750932.2742,1,1789930756234.131,-3694.33349609375,1,1789930756763.166,0,0,0,ON_TIME_PRE_SERVICE,True,"[""20260920T185807Z-b978900c-r1-q1-t9-blocker1""]",1,True,1789930750928.4646,target,physical_v3_broker_only,1,1789930756233.881,0,,,1,1789930762460.9832,1789930750932.2742,1789930762744.437,-3165.298583984375,0,0,0,NO_ATTRIBUTABLE_RISING_EDGE,,,0,,,,250,1.1846332636196166
20260920T185807Z-b978900c-r1-q1-t12-target0,physical_v3_broker_only,1,12,1,1789930775817.6333,1,1789930763820.882,1,1789930769065.1418,-6752.491455078125,1,1789930769643.931,0,0,0,ON_TIME_PRE_SERVICE,True,"[""20260920T185807Z-b978900c-r1-q1-t12-blocker1""]",1,True,1789930763817.6333,target,physical_v3_broker_only,1,1789930769064.856,0,,,1,1789930775260.309,1789930763820.882,1789930775625.1973,-6173.702392578125,0,0,0,NO_ATTRIBUTABLE_RISING_EDGE,,,0,,,,250,4.720211029052734
20260920T185807Z-b978900c-r1-q1-t20-target0,physical_v3_broker_only,1,20,1,1789930796617.2632,1,1789930776622.061,1,1789930781900.155,-14717.108154296875,1,1789930782429.9631,0,0,0,ON_TIME_PRE_SERVICE,True,"[""20260920T185807Z-b978900c-r1-q1-t20-blocker1""]",1,True,1789930776617.2632,target,physical_v3_broker_only,1,1789930781899.98,0,,,1,1789930788085.8408,1789930776622.061,1789930788430.5315,-14187.300048828125,0,0,0,NO_ATTRIBUTABLE_RISING_EDGE,,,0,,,,250,6.665670400252566
20260920T185807Z-b978900c-r1-q2-t3-target0,physical_v3_broker_only,2,3,1,1789930792413.2837,1,1789930789418.309,1,1789930800953.9521,8540.66845703125,1,1789930801485.398,0,0,0,LATE_PRE_SERVICE,True,"[""20260920T185807Z-b978900c-r1-q2-t3-blocker1"", ""20260920T185807Z-b978900c-r1-q2-t3-blocker2""]",2,True,1789930789413.2837,target,physical_v3_broker_only,1,1789930800953.768,0,,,1,1789930807112.559,1789930789418.309,1789930807436.9126,9072.1142578125,0,0,0,NO_ATTRIBUTABLE_RISING_EDGE,,,0,,,,250,3.9167728391475976
20260920T185807Z-b978900c-r1-q2-t6-target0,physical_v3_broker_only,2,6,1,1789930814465.04,1,1789930808469.1228,1,1789930819873.9878,5408.94775390625,1,1789930820388.268,0,0,0,LATE_PRE_SERVICE,True,"[""20260920T185807Z-b978900c-r1-q2-t6-blocker1"", ""20260920T185807Z-b978900c-r1-q2-t6-blocker2""]",2,True,1789930808465.04,target,physical_v3_broker_only,1,1789930819873.79,0,,,1,1789930826077.1958,1789930808469.1228,1789930826417.0798,5923.22802734375,0,0,0,NO_ATTRIBUTABLE_RISING_EDGE,,,0,,,,250,3.601106640417129
20260920T185807Z-b978900c-r1-q2-t9-target0,physical_v3_broker_only,2,9,1,1789930836499.005,1,1789930827502.422,1,1789930838925.453,2426.447998046875,1,1789930839468.134,0,0,0,LATE_PRE_SERVICE,True,"[""20260920T185807Z-b978900c-r1-q2-t9-blocker1"", ""20260920T185807Z-b978900c-r1-q2-t9-blocker2""]",2,True,1789930827499.005,target,physical_v3_broker_only,1,1789930838925.282,0,,,1,1789930845138.576,1789930827502.422,1789930845484.2712,2969.129150390625,0,0,0,NO_ATTRIBUTABLE_RISING_EDGE,,,0,,,,250,2.055919641861692
20260920T185807Z-b978900c-r1-q2-t12-target0,physical_v3_broker_only,2,12,1,1789930858584.1333,1,1789930846588.6619,1,1789930858050.593,-533.540283203125,1,1789930858613.199,0,0,0,BOUNDARY_EXCLUDE_FROM_HEADLINE,True,"[""20260920T185807Z-b978900c-r1-q2-t12-blocker1"", ""20260920T185807Z-b978900c-r1-q2-t12-blocker2""]",2,True,1789930846584.1333,target,physical_v3_broker_only,1,1789930858050.3608,0,,,1,1789930864236.1501,1789930846588.6619,1789930864597.6245,29.065673828125,0,0,0,NO_ATTRIBUTABLE_RISING_EDGE,,,0,,,,250,3.1667080183979124
20260920T185807Z-b978900c-r1-q2-t20-target0,physical_v3_broker_only,2,20,1,1789930885625.7534,1,1789930865630.103,1,1789930877098.284,-8527.469482421875,1,1789930877678.742,0,0,0,ON_TIME_PRE_SERVICE,True,"[""20260920T185807Z-b978900c-r1-q2-t20-blocker1"", ""20260920T185807Z-b978900c-r1-q2-t20-blocker2""]",2,True,1789930865625.7534,target,physical_v3_broker_only,1,1789930877098.1182,0,,,1,1789930883294.6528,1789930865630.103,1789930883639.9,-7947.011474609375,0,0,0,NO_ATTRIBUTABLE_RISING_EDGE,,,0,,,,250,7.04305458930321
20260920T185807Z-b978900c-r2-q0-t3-target0,physical_v3_broker_only,0,3,2,1789930886706.899,1,1789930883711.6711,1,1789930883707.578,-2999.321044921875,1,1789930884343.861,0,0,0,ON_TIME_PRE_SERVICE,True,[],0,True,1789930883706.899,target,physical_v3_broker_only,1,1789930883707.422,0,,,1,1789930889970.8372,1789930883707.578,1789930890318.1477,-2363.037841796875,0,0,0,NO_ATTRIBUTABLE_RISING_EDGE,,,0,,,,250,4.000833519967273
20260920T185807Z-b978900c-r2-q0-t6-target0,physical_v3_broker_only,0,6,2,1789930896377.2131,1,1789930890386.487,1,1789930890378.695,-5998.51806640625,1,1789930890985.826,0,0,0,ON_TIME_PRE_SERVICE,True,[],0,True,1789930890377.2131,target,physical_v3_broker_only,1,1789930890378.5542,0,,,1,1789930896639.601,1789930890378.695,1789930896970.5095,-5391.38720703125,0,0,0,NO_ATTRIBUTABLE_RISING_EDGE,,,0,,,,250,3.138404863420874
20260920T185807Z-b978900c-r2-q0-t9-target0,physical_v3_broker_only,0,9,2,1789930906048.4375,1,1789930897054.101,1,1789930897050.177,-8998.260498046875,1,1789930897755.469,0,0,0,ON_TIME_PRE_SERVICE,True,[],0,True,1789930897048.4375,target,physical_v3_broker_only,1,1789930897050.045,0,,,1,1789930903367.828,1789930897050.177,1789930903754.7463,-8292.968505859375,0,0,0,NO_ATTRIBUTABLE_RISING_EDGE,,,0,,,,250,3.743547451449558
20260920T185807Z-b978900c-r2-q0-t12-target0,physical_v3_broker_only,0,12,2,1789930915779.2366,1,1789930903786.584,1,1789930903782.0288,-11997.207763671875,1,1789930904390.864,0,0,0,ON_TIME_PRE_SERVICE,True,[],0,True,1789930903779.2366,target,physical_v3_broker_only,1,1789930903781.775,0,,,1,1789930910031.249,1789930903782.0288,1789930910368.3909,-11388.37255859375,0,0,0,NO_ATTRIBUTABLE_RISING_EDGE,,,0,,,,250,12.118101119995117
20260920T185807Z-b978900c-r2-q0-t20-target0,physical_v3_broker_only,0,20,2,1789930930416.4482,1,1789930910422.4092,1,1789930910418.659,-19997.789306640625,1,1789930911040.165,0,0,0,ON_TIME_PRE_SERVICE,True,[],0,True,1789930910416.4482,target,physical_v3_broker_only,1,1789930910418.532,0,,,1,1789930916709.2422,1789930910418.659,1789930917080.397,-19376.283203125,0,0,0,NO_ATTRIBUTABLE_RISING_EDGE,,,0,,,,250,1.7585792520549148
20260920T185807Z-b978900c-r2-q1-t3-target0,physical_v3_broker_only,1,3,2,1789930921528.11,1,1789930918530.988,1,1789930923845.002,2316.891845703125,1,1789930924382.457,0,0,0,LATE_PRE_SERVICE,True,"[""20260920T185807Z-b978900c-r2-q1-t3-blocker1""]",1,True,1789930918528.11,target,physical_v3_broker_only,1,1789930923844.75,0,,,1,1789930930054.292,1789930918530.988,1789930930397.0212,2854.346923828125,0,0,0,NO_ATTRIBUTABLE_RISING_EDGE,,,0,,,,250,3.178426733938977
20260920T185807Z-b978900c-r2-q1-t6-target0,physical_v3_broker_only,1,6,2,1789930937435.1167,1,1789930931439.104,1,1789930936777.962,-657.15478515625,1,1789930937347.352,0,0,0,BOUNDARY_EXCLUDE_FROM_HEADLINE,True,"[""20260920T185807Z-b978900c-r2-q1-t6-blocker1""]",1,True,1789930931435.1167,target,physical_v3_broker_only,1,1789930936777.7861,0,,,1,1789930942966.269,1789930931439.104,1789930943344.5876,-87.7646484375,0,0,0,NO_ATTRIBUTABLE_RISING_EDGE,,,0,,,,250,1.6040115151554346
20260920T185807Z-b978900c-r2-q1-t9-target0,physical_v3_broker_only,1,9,2,1789930953376.5068,1,1789930944380.237,1,1789930951069.864,-2306.642822265625,1,1789930951612.162,0,0,0,ON_TIME_PRE_SERVICE,True,"[""20260920T185807Z-b978900c-r2-q1-t9-blocker1""]",1,True,1789930944376.5068,target,physical_v3_broker_only,1,1789930951069.662,0,,,1,1789930957234.3699,1789930944380.237,1789930957578.5303,-1764.3447265625,0,0,0,NO_ATTRIBUTABLE_RISING_EDGE,,,0,,,,250,12.559005728689954
20260920T185807Z-b978900c-r2-q1-t12-target0,physical_v3_broker_only,1,12,2,1789930970571.7856,1,1789930958576.082,1,1789930963837.037,-6734.74853515625,1,1789930964463.552,0,0,0,ON_TIME_PRE_SERVICE,True,"[""20260920T185807Z-b978900c-r2-q1-t12-blocker1""]",1,True,1789930958571.7856,target,physical_v3_broker_only,1,1789930963836.766,0,,,1,1789930970087.323,1789930958576.082,1789930970454.7734,-6108.233642578125,0,0,0,NO_ATTRIBUTABLE_RISING_EDGE,,,0,,,,250,14.327627199236304
20260920T185807Z-b978900c-r2-q1-t20-target0,physical_v3_broker_only,1,20,2,1789930991511.764,1,1789930971516.789,1,1789930976820.137,-14691.626953125,1,1789930977366.91,0,0,0,ON_TIME_PRE_SERVICE,True,"[""20260920T185807Z-b978900c-r2-q1-t20-blocker1""]",1,True,1789930971511.764,target,physical_v3_broker_only,1,1789930976819.9192,0,,,1,1789930982999.292,1789930971516.789,1789930983390.4106,-14144.85400390625,0,0,0,NO_ATTRIBUTABLE_RISING_EDGE,,,0,,,,250,14.187982567818835
20260920T185807Z-b978900c-r2-q2-t3-target0,physical_v3_broker_only,2,3,2,1789930987446.6626,1,1789930984451.5989,1,1789930995946.072,8499.409423828125,1,1789930996474.029,0,0,0,LATE_PRE_SERVICE,True,"[""20260920T185807Z-b978900c-r2-q2-t3-blocker1"", ""20260920T185807Z-b978900c-r2-q2-t3-blocker2""]",2,True,1789930984446.6626,target,physical_v3_broker_only,1,1789930995945.896,0,,,1,1789931002129.521,1789930984451.5989,1789931002520.7842,9027.366455078125,0,0,0,NO_ATTRIBUTABLE_RISING_EDGE,,,0,,,,250,10.361400607507676
20260920T185807Z-b978900c-r2-q2-t6-target0,physical_v3_broker_only,2,6,2,1789931009543.303,1,1789931003546.497,1,1789931015092.763,5549.4599609375,1,1789931015628.9102,0,0,0,LATE_PRE_SERVICE,True,"[""20260920T185807Z-b978900c-r2-q2-t6-blocker1"", ""20260920T185807Z-b978900c-r2-q2-t6-blocker2""]",2,True,1789931003543.303,target,physical_v3_broker_only,1,1789931015092.5342,0,,,1,1789931021262.29,1789931003546.497,1789931021680.8416,6085.607177734375,0,0,0,NO_ATTRIBUTABLE_RISING_EDGE,,,0,,,,250,7.007259380770847
20260920T185807Z-b978900c-r2-q2-t9-target0,physical_v3_broker_only,2,9,2,1789931031701.2039,1,1789931022705.556,1,1789931034195.27,2494.066162109375,1,1789931034731.089,0,0,0,LATE_PRE_SERVICE,True,"[""20260920T185807Z-b978900c-r2-q2-t9-blocker1"", ""20260920T185807Z-b978900c-r2-q2-t9-blocker2""]",2,True,1789931022701.2039,target,physical_v3_broker_only,1,1789931034195.081,0,,,1,1789931040427.2449,1789931022705.556,1789931040801.3882,3029.88525390625,0,0,0,NO_ATTRIBUTABLE_RISING_EDGE,,,0,,,,250,7.958412170410156
20260920T185807Z-b978900c-r2-q2-t12-target0,physical_v3_broker_only,2,12,2,1789931053950.509,1,1789931041954.294,1,1789931053456.0571,-494.451904296875,1,1789931054007.55,0,0,0,BOUNDARY_EXCLUDE_FROM_HEADLINE,True,"[""20260920T185807Z-b978900c-r2-q2-t12-blocker1"", ""20260920T185807Z-b978900c-r2-q2-t12-blocker2""]",2,True,1789931041950.509,target,physical_v3_broker_only,1,1789931053455.873,0,,,1,1789931059646.8079,1789931041954.294,1789931060048.1216,57.041015625,0,0,0,NO_ATTRIBUTABLE_RISING_EDGE,,,0,,,,250,2.6268959045410156
20260920T185807Z-b978900c-r2-q2-t20-target0,physical_v3_broker_only,2,20,2,1789931081152.5027,1,1789931061157.195,1,1789931072701.141,-8451.361572265625,1,1789931073242.054,0,0,0,ON_TIME_PRE_SERVICE,True,"[""20260920T185807Z-b978900c-r2-q2-t20-blocker1"", ""20260920T185807Z-b978900c-r2-q2-t20-blocker2""]",2,True,1789931061152.5027,target,physical_v3_broker_only,1,1789931072700.97,0,,,1,1789931078875.3418,1789931061157.195,1789931079198.02,-7910.44873046875,0,0,0,NO_ATTRIBUTABLE_RISING_EDGE,,,0,,,,250,14.19404410989955
20260920T185807Z-b978900c-r3-q0-t3-target0,physical_v3_broker_only,0,3,3,1789931082297.5435,1,1789931079304.058,1,1789931079299.715,-2997.828369140625,1,1789931079929.589,0,0,0,ON_TIME_PRE_SERVICE,True,[],0,True,1789931079297.5435,target,physical_v3_broker_only,1,1789931079299.571,0,,,1,1789931085668.745,1789931079299.715,1789931086024.273,-2367.954345703125,0,0,0,NO_ATTRIBUTABLE_RISING_EDGE,,,0,,,,250,6.363218300975859
20260920T185807Z-b978900c-r3-q0-t6-target0,physical_v3_broker_only,0,6,3,1789931092107.735,1,1789931086115.642,1,1789931086110.807,-5996.92822265625,1,1789931086858.707,0,0,0,ON_TIME_PRE_SERVICE,True,[],0,True,1789931086107.735,target,physical_v3_broker_only,1,1789931086110.586,0,,,1,1789931092656.341,1789931086110.807,1789931092988.6028,-5249.028076171875,0,0,0,NO_ATTRIBUTABLE_RISING_EDGE,,,0,,,,250,5.545276653720066
20260920T185807Z-b978900c-r3-q0-t9-target0,physical_v3_broker_only,0,9,3,1789931102071.7375,1,1789931093079.0469,1,1789931093075.023,-8996.714599609375,1,1789931093702.945,0,0,0,ON_TIME_PRE_SERVICE,True,[],0,True,1789931093071.7375,target,physical_v3_broker_only,1,1789931093074.76,0,,,1,1789931099388.026,1789931093075.023,1789931099726.933,-8368.79248046875,0,0,0,NO_ATTRIBUTABLE_RISING_EDGE,,,0,,,,250,2.0112667116336524
20260920T185807Z-b978900c-r3-q0-t12-target0,physical_v3_broker_only,0,12,3,1789931111823.4734,1,1789931099827.884,1,1789931099825.177,-11998.29638671875,1,1789931100493.81,0,0,0,ON_TIME_PRE_SERVICE,True,[],0,True,1789931099823.4734,target,physical_v3_broker_only,1,1789931099825.0361,0,,,1,1789931106151.5752,1789931099825.177,1789931106472.3381,-11329.663330078125,0,0,0,NO_ATTRIBUTABLE_RISING_EDGE,,,0,,,,250,0.9911060333251953
20260920T185807Z-b978900c-r3-q0-t20-target0,physical_v3_broker_only,0,20,3,1789931126572.453,1,1789931106578.712,1,1789931106574.854,-19997.598876953125,1,1789931107198.4849,0,0,0,ON_TIME_PRE_SERVICE,True,[],0,True,1789931106572.453,target,physical_v3_broker_only,1,1789931106574.627,0,,,1,1789931112829.907,1789931106574.854,1789931113194.1265,-19373.968017578125,0,0,0,NO_ATTRIBUTABLE_RISING_EDGE,,,0,,,,250,3.2218876003753394
20260920T185807Z-b978900c-r3-q1-t3-target0,physical_v3_broker_only,1,3,3,1789931117242.169,1,1789931114246.767,1,1789931119694.929,2452.760009765625,1,1789931120257.677,0,0,0,LATE_PRE_SERVICE,True,"[""20260920T185807Z-b978900c-r3-q1-t3-blocker1""]",1,True,1789931114242.169,target,physical_v3_broker_only,1,1789931119694.577,0,,,1,1789931125879.168,1789931114246.767,1789931126234.2095,3015.508056640625,0,0,0,NO_ATTRIBUTABLE_RISING_EDGE,,,0,,,,250,5.124944698764011
20260920T185807Z-b978900c-r3-q1-t6-target0,physical_v3_broker_only,1,6,3,1789931133274.9905,1,1789931127278.2458,1,1789931132633.0781,-641.912353515625,1,1789931133171.722,0,0,0,BOUNDARY_EXCLUDE_FROM_HEADLINE,True,"[""20260920T185807Z-b978900c-r3-q1-t6-blocker1""]",1,True,1789931127274.9905,target,physical_v3_broker_only,1,1789931132632.8809,0,,,1,1789931138809.716,1789931127278.2458,1789931139173.5173,-103.2685546875,0,0,0,NO_ATTRIBUTABLE_RISING_EDGE,,,0,,,,250,2.846920018782839
20260920T185807Z-b978900c-r3-q1-t9-target0,physical_v3_broker_only,1,9,3,1789931149284.5718,1,1789931140287.906,1,1789931145615.425,-3669.146728515625,1,1789931146179.687,0,0,0,ON_TIME_PRE_SERVICE,True,"[""20260920T185807Z-b978900c-r3-q1-t9-blocker1""]",1,True,1789931140284.5718,target,physical_v3_broker_only,1,1789931145615.258,0,,,1,1789931151815.999,1789931140287.906,1789931152198.9177,-3104.884765625,0,0,0,NO_ATTRIBUTABLE_RISING_EDGE,,,0,,,,250,2.783742907922715
20260920T185807Z-b978900c-r3-q1-t12-target0,physical_v3_broker_only,1,12,3,1789931165220.7341,1,1789931153223.721,1,1789931158663.491,-6557.2431640625,1,1789931159184.4849,0,0,0,ON_TIME_PRE_SERVICE,True,"[""20260920T185807Z-b978900c-r3-q1-t12-blocker1""]",1,True,1789931153220.7341,target,physical_v3_broker_only,1,1789931158663.311,0,,,1,1789931164816.9849,1789931153223.721,1789931165170.897,-6036.249267578125,0,0,0,NO_ATTRIBUTABLE_RISING_EDGE,,,0,,,,250,8.420499798376113
20260920T185807Z-b978900c-r3-q1-t20-target0,physical_v3_broker_only,1,20,3,1789931186277.9062,1,1789931166281.48,1,1789931171604.106,-14673.80029296875,1,1789931172132.4949,0,0,0,ON_TIME_PRE_SERVICE,True,"[""20260920T185807Z-b978900c-r3-q1-t20-blocker1""]",1,True,1789931166277.9062,target,physical_v3_broker_only,1,1789931171603.931,0,,,1,1789931177799.3801,1789931166281.48,1789931178163.5073,-14145.411376953125,0,0,0,NO_ATTRIBUTABLE_RISING_EDGE,,,0,,,,250,1.665353775024414
20260920T185807Z-b978900c-r3-q2-t3-target0,physical_v3_broker_only,2,3,3,1789931182308.3281,1,1789931179312.886,1,1789931190804.348,8496.019775390625,1,1789931191326.921,0,0,0,LATE_PRE_SERVICE,True,"[""20260920T185807Z-b978900c-r3-q2-t3-blocker1"", ""20260920T185807Z-b978900c-r3-q2-t3-blocker2""]",2,True,1789931179308.3281,target,physical_v3_broker_only,1,1789931190804.178,0,,,1,1789931196958.143,1789931179312.886,1789931197383.0251,9018.5927734375,0,0,0,NO_ATTRIBUTABLE_RISING_EDGE,,,0,,,,250,3.491741168545559
20260920T185807Z-b978900c-r3-q2-t6-target0,physical_v3_broker_only,2,6,3,1789931204545.463,1,1789931198550.533,1,1789931210020.887,5475.424072265625,1,1789931210546.621,0,0,0,LATE_PRE_SERVICE,True,"[""20260920T185807Z-b978900c-r3-q2-t6-blocker1"", ""20260920T185807Z-b978900c-r3-q2-t6-blocker2""]",2,True,1789931198545.463,target,physical_v3_broker_only,1,1789931210020.624,0,,,1,1789931216250.3381,1789931198550.533,1789931216691.6135,6001.158203125,0,0,0,NO_ATTRIBUTABLE_RISING_EDGE,,,0,,,,250,8.977449411759153
20260920T185807Z-b978900c-r3-q2-t9-target0,physical_v3_broker_only,2,9,3,1789931226800.2368,1,1789931217804.6118,1,1789931229211.447,2411.210205078125,1,1789931229739.312,0,0,0,LATE_PRE_SERVICE,True,"[""20260920T185807Z-b978900c-r3-q2-t9-blocker1"", ""20260920T185807Z-b978900c-r3-q2-t9-blocker2""]",2,True,1789931217800.2368,target,physical_v3_broker_only,1,1789931229211.26,0,,,1,1789931235374.434,1789931217804.6118,1789931235765.8933,2939.0751953125,0,0,0,NO_ATTRIBUTABLE_RISING_EDGE,,,0,,,,250,14.020374277606606
20260920T185807Z-b978900c-r3-q2-t12-target0,physical_v3_broker_only,2,12,3,1789931248877.2449,1,1789931236882.133,1,1789931248321.096,-556.14892578125,1,1789931248837.761,0,0,0,BOUNDARY_EXCLUDE_FROM_HEADLINE,True,"[""20260920T185807Z-b978900c-r3-q2-t12-blocker1"", ""20260920T185807Z-b978900c-r3-q2-t12-blocker2""]",2,True,1789931236877.2449,target,physical_v3_broker_only,1,1789931248320.883,0,,,1,1789931257256.984,1789931236882.133,1789931257639.4302,-39.48388671875,0,0,0,NO_ATTRIBUTABLE_RISING_EDGE,,,0,,,,250,10.339870437746868
20260920T185807Z-b978900c-r3-q2-t20-target0,physical_v3_broker_only,2,20,3,1789931278749.3914,1,1789931258753.1099,1,1789931270150.739,-8598.65234375,1,1789931270678.8098,0,0,0,ON_TIME_PRE_SERVICE,True,"[""20260920T185807Z-b978900c-r3-q2-t20-blocker1"", ""20260920T185807Z-b978900c-r3-q2-t20-blocker2""]",2,True,1789931258749.3914,target,physical_v3_broker_only,1,1789931270150.481,0,,,1,1789931276365.234,1789931258753.1099,1789931276738.0737,-8070.58154296875,0,0,0,NO_ATTRIBUTABLE_RISING_EDGE,,,0,,,,250,8.857044216711074
20260920T185807Z-b978900c-r4-q0-t3-target0,physical_v3_broker_only,0,3,4,1789931279821.8347,1,1789931276826.8062,1,1789931276823.008,-2998.82666015625,1,1789931277469.6218,0,0,0,ON_TIME_PRE_SERVICE,True,[],0,True,1789931276821.8347,target,physical_v3_broker_only,1,1789931276822.881,0,,,1,1789931283138.8892,1789931276823.008,1789931283502.3745,-2352.212890625,0,0,0,NO_ATTRIBUTABLE_RISING_EDGE,,,0,,,,250,13.385772705078125
20260920T185807Z-b978900c-r4-q0-t6-target0,physical_v3_broker_only,0,6,4,1789931289612.0173,1,1789931283616.906,1,1789931283614.314,-5997.703369140625,1,1789931284237.8171,0,0,0,ON_TIME_PRE_SERVICE,True,[],0,True,1789931283612.0173,target,physical_v3_broker_only,1,1789931283614.157,0,,,1,1789931289859.232,1789931283614.314,1789931290172.566,-5374.2001953125,0,0,0,NO_ATTRIBUTABLE_RISING_EDGE,,,0,,,,250,11.34208487928845
20260920T185807Z-b978900c-r4-q0-t9-target0,physical_v3_broker_only,0,9,4,1789931299287.9607,1,1789931290294.6829,1,1789931290290.641,-8997.319580078125,1,1789931290908.468,0,0,0,ON_TIME_PRE_SERVICE,True,[],0,True,1789931290287.9607,target,physical_v3_broker_only,1,1789931290290.38,0,,,1,1789931297277.147,1789931290290.641,1789931297619.5742,-8379.49267578125,0,0,0,NO_ATTRIBUTABLE_RISING_EDGE,,,0,,,,250,2.6202564185950905
20260920T185807Z-b978900c-r4-q0-t12-target0,physical_v3_broker_only,0,12,4,1789931309728.5847,1,1789931297734.459,1,1789931297731.164,-11997.420654296875,1,1789931298760.164,0,0,0,ON_TIME_PRE_SERVICE,True,[],0,True,1789931297728.5847,target,physical_v3_broker_only,1,1789931297731.045,0,,,1,1789931304039.604,1789931297731.164,1789931304397.5527,-10968.420654296875,0,0,0,NO_ATTRIBUTABLE_RISING_EDGE,,,0,,,,250,0.9067745122592896
20260920T185807Z-b978900c-r4-q0-t20-target0,physical_v3_broker_only,0,20,4,1789931324494.138,1,1789931304500.555,1,1789931304496.104,-19998.033935546875,1,1789931304923.698,0,0,0,ON_TIME_PRE_SERVICE,True,[],0,True,1789931304494.138,target,physical_v3_broker_only,1,1789931304495.948,0,,,1,1789931310598.095,1789931304496.104,1789931310936.4968,-19570.43994140625,0,0,0,NO_ATTRIBUTABLE_RISING_EDGE,,,0,,,,250,0.5873260670341551
20260920T185807Z-b978900c-r4-q1-t3-target0,physical_v3_broker_only,1,3,4,1789931315037.0474,1,1789931312041.27,1,1789931317272.6082,2235.560791015625,1,1789931317844.1428,0,0,0,LATE_PRE_SERVICE,True,"[""20260920T185807Z-b978900c-r4-q1-t3-blocker1""]",1,True,1789931312037.0474,target,physical_v3_broker_only,1,1789931317272.429,0,,,1,1789931323660.9622,1789931312041.27,1789931324066.695,2807.095458984375,0,0,0,NO_ATTRIBUTABLE_RISING_EDGE,,,0,,,,250,4.770994186401367
20260920T185807Z-b978900c-r4-q1-t6-target0,physical_v3_broker_only,1,6,4,1789931331191.0515,1,1789931325195.974,1,1789931330115.844,-1075.20751953125,1,1789931330455.6702,0,0,0,ON_TIME_PRE_SERVICE,True,"[""20260920T185807Z-b978900c-r4-q1-t6-blocker1""]",1,True,1789931325191.0515,target,physical_v3_broker_only,1,1789931330115.644,0,,,1,1789931336169.2642,1789931325195.974,1789931336574.3584,-735.38134765625,0,0,0,NO_ATTRIBUTABLE_RISING_EDGE,,,0,,,,250,2.1333694458007812
20260920T185807Z-b978900c-r4-q1-t9-target0,physical_v3_broker_only,1,9,4,1789931346687.3848,1,1789931337690.9648,1,1789931342936.033,-3751.351806640625,1,1789931343484.925,0,0,0,ON_TIME_PRE_SERVICE,True,"[""20260920T185807Z-b978900c-r4-q1-t9-blocker1""]",1,True,1789931337687.3848,target,physical_v3_broker_only,1,1789931342935.842,0,,,1,1789931349173.72,1789931337690.9648,1789931349571.791,-3202.459716796875,0,0,0,NO_ATTRIBUTABLE_RISING_EDGE,,,0,,,,250,3.341197967529297
20260920T185807Z-b978900c-r4-q1-t12-target0,physical_v3_broker_only,1,12,4,1789931362730.1968,1,1789931350734.4612,1,1789931355945.929,-6784.267822265625,1,1789931356541.574,0,0,0,ON_TIME_PRE_SERVICE,True,"[""20260920T185807Z-b978900c-r4-q1-t12-blocker1""]",1,True,1789931350730.1968,target,physical_v3_broker_only,1,1789931355945.7131,0,,,1,1789931362175.911,1789931350734.4612,1789931362620.7563,-6188.622802734375,0,0,0,NO_ATTRIBUTABLE_RISING_EDGE,,,0,,,,250,3.9095192041713744
20260920T185807Z-b978900c-r4-q1-t20-target0,physical_v3_broker_only,1,20,4,1789931383706.821,1,1789931363710.16,1,1789931369055.4978,-14651.3232421875,1,1789931369604.927,0,0,0,ON_TIME_PRE_SERVICE,True,"[""20260920T185807Z-b978900c-r4-q1-t20-blocker1""]",1,True,1789931363706.821,target,physical_v3_broker_only,1,1789931369055.264,0,,,1,1789931375237.8708,1789931363710.16,1789931375675.7698,-14101.89404296875,0,0,0,NO_ATTRIBUTABLE_RISING_EDGE,,,0,,,,250,3.5084991541225463
20260920T185807Z-b978900c-r4-q2-t3-target0,physical_v3_broker_only,2,3,4,1789931379904.2227,1,1789931376909.5881,1,1789931388353.6328,8449.41015625,1,1789931388885.222,0,0,0,LATE_PRE_SERVICE,True,"[""20260920T185807Z-b978900c-r4-q2-t3-blocker1"", ""20260920T185807Z-b978900c-r4-q2-t3-blocker2""]",2,True,1789931376904.2227,target,physical_v3_broker_only,1,1789931388353.3608,0,,,1,1789931394676.0781,1789931376909.5881,1789931395099.5127,8980.999267578125,0,0,0,NO_ATTRIBUTABLE_RISING_EDGE,,,0,,,,250,1.226970663992688
20260920T185807Z-b978900c-r4-q2-t6-target0,physical_v3_broker_only,2,6,4,1789931402192.869,1,1789931396196.295,1,1789931407877.9622,5685.09326171875,1,1789931408406.2341,0,0,0,LATE_PRE_SERVICE,True,"[""20260920T185807Z-b978900c-r4-q2-t6-blocker1"", ""20260920T185807Z-b978900c-r4-q2-t6-blocker2""]",2,True,1789931396192.869,target,physical_v3_broker_only,1,1789931407877.796,0,,,1,1789931414055.2969,1789931396196.295,1789931414533.303,6213.365234375,0,0,0,NO_ATTRIBUTABLE_RISING_EDGE,,,0,,,,250,7.292545313248411
20260920T185807Z-b978900c-r4-q2-t9-target0,physical_v3_broker_only,2,9,4,1789931424686.0588,1,1789931415691.021,1,1789931427602.287,2916.228271484375,1,1789931430518.2769,0,0,0,LATE_PRE_SERVICE,True,"[""20260920T185807Z-b978900c-r4-q2-t9-blocker1"", ""20260920T185807Z-b978900c-r4-q2-t9-blocker2""]",2,True,1789931415686.0588,target,physical_v3_broker_only,1,1789931427602.06,0,,,1,1789931436237.394,1789931415691.021,1789931436670.1426,5832.218017578125,0,0,0,NO_ATTRIBUTABLE_RISING_EDGE,,,0,,,,250,2.4734592298045754
20260920T185807Z-b978900c-r4-q2-t12-target0,physical_v3_broker_only,2,12,4,1789931449879.5603,1,1789931437885.225,1,1789931449383.539,-496.021240234375,1,1789931449931.6558,0,0,0,BOUNDARY_EXCLUDE_FROM_HEADLINE,True,"[""20260920T185807Z-b978900c-r4-q2-t12-blocker1"", ""20260920T185807Z-b978900c-r4-q2-t12-blocker2""]",2,True,1789931437879.5603,target,physical_v3_broker_only,1,1789931449383.3389,0,,,1,1789931455578.94,1789931437885.225,1789931456063.5718,52.095458984375,0,0,0,NO_ATTRIBUTABLE_RISING_EDGE,,,0,,,,250,1.4218959549907595
20260920T185807Z-b978900c-r4-q2-t20-target0,physical_v3_broker_only,2,20,4,1789931477182.2366,1,1789931457188.208,1,1789931468093.3389,-9088.897705078125,1,1789931468626.689,0,0,0,ON_TIME_PRE_SERVICE,True,"[""20260920T185807Z-b978900c-r4-q2-t20-blocker1"", ""20260920T185807Z-b978900c-r4-q2-t20-blocker2""]",2,True,1789931457182.2366,target,physical_v3_broker_only,1,1789931468093.144,0,,,1,1789931474260.597,1789931457188.208,1789931474738.4146,-8555.547607421875,0,0,0,NO_ATTRIBUTABLE_RISING_EDGE,,,0,,,,250,4.699161509051919
20260920T185807Z-b978900c-r5-q0-t3-target0,physical_v3_broker_only,0,3,5,1789931477870.333,1,1789931474876.314,1,1789931474873.332,-2997.0009765625,1,1789931475632.3882,0,0,0,ON_TIME_PRE_SERVICE,True,[],0,True,1789931474870.333,target,physical_v3_broker_only,1,1789931474873.118,0,,,1,1789931481256.5488,1789931474873.332,1789931481661.266,-2237.94482421875,0,0,0,NO_ATTRIBUTABLE_RISING_EDGE,,,0,,,,250,4.0066604560706764
20260920T185807Z-b978900c-r5-q0-t6-target0,physical_v3_broker_only,0,6,5,1789931487800.247,1,1789931481806.609,1,1789931481803.204,-5997.04296875,1,1789931482427.742,0,0,0,ON_TIME_PRE_SERVICE,True,[],0,True,1789931481800.247,target,physical_v3_broker_only,1,1789931481803.083,0,,,1,1789931488074.111,1789931481803.204,1789931488488.7727,-5372.505126953125,0,0,0,NO_ATTRIBUTABLE_RISING_EDGE,,,0,,,,250,7.179296488175169
20260920T185807Z-b978900c-r5-q0-t9-target0,physical_v3_broker_only,0,9,5,1789931497580.787,1,1789931488585.978,1,1789931488582.52,-8998.26708984375,1,1789931489261.324,0,0,0,ON_TIME_PRE_SERVICE,True,[],0,True,1789931488580.787,target,physical_v3_broker_only,1,1789931488582.3901,0,,,1,1789931494918.486,1789931488582.52,1789931495268.6882,-8319.463134765625,0,0,0,NO_ATTRIBUTABLE_RISING_EDGE,,,0,,,,250,6.62626649136655
20260920T185807Z-b978900c-r5-q0-t12-target0,physical_v3_broker_only,0,12,5,1789931507411.143,1,1789931495417.738,1,1789931495413.237,-11997.906005859375,1,1789931496032.449,0,0,0,ON_TIME_PRE_SERVICE,True,[],0,True,1789931495411.143,target,physical_v3_broker_only,1,1789931495413.11,0,,,1,1789931501738.211,1789931495413.237,1789931502058.0552,-11378.694091796875,0,0,0,NO_ATTRIBUTABLE_RISING_EDGE,,,0,,,,250,6.404945364920422
20260920T185807Z-b978900c-r5-q0-t20-target0,physical_v3_broker_only,0,20,5,1789931522170.8164,1,1789931502177.4312,1,1789931502173.482,-19997.33447265625,1,1789931502884.947,0,0,0,ON_TIME_PRE_SERVICE,True,[],0,True,1789931502170.8164,target,physical_v3_broker_only,1,1789931502173.345,0,,,1,1789931508681.5469,1789931502173.482,1789931509103.6665,-19285.869384765625,0,0,0,NO_ATTRIBUTABLE_RISING_EDGE,,,0,,,,250,0.328609487041831
20260920T185807Z-b978900c-r5-q1-t3-target0,physical_v3_broker_only,1,3,5,1789931513269.8838,1,1789931510274.7031,1,1789931515601.609,2331.72509765625,1,1789931516175.709,0,0,0,LATE_PRE_SERVICE,True,"[""20260920T185807Z-b978900c-r5-q1-t3-blocker1""]",1,True,1789931510269.8838,target,physical_v3_broker_only,1,1789931515601.377,0,,,1,1789931521831.787,1789931510274.7031,1789931522216.4163,2905.8251953125,0,0,0,NO_ATTRIBUTABLE_RISING_EDGE,,,0,,,,250,1.3205680879764259
20260920T185807Z-b978900c-r5-q1-t6-target0,physical_v3_broker_only,1,6,5,1789931529325.2422,1,1789931523329.535,1,1789931528594.1428,-731.099365234375,1,1789931529109.65,0,0,0,BOUNDARY_EXCLUDE_FROM_HEADLINE,True,"[""20260920T185807Z-b978900c-r5-q1-t6-blocker1""]",1,True,1789931523325.2422,target,physical_v3_broker_only,1,1789931528593.968,0,,,1,1789931535863.456,1789931523329.535,1789931536226.6633,-215.59228515625,0,0,0,NO_ATTRIBUTABLE_RISING_EDGE,,,0,,,,250,2.4421539274044335
20260920T185807Z-b978900c-r5-q1-t9-target0,physical_v3_broker_only,1,9,5,1789931546329.2625,1,1789931537334.646,1,1789931542611.9001,-3717.3623046875,1,1789931543165.082,0,0,0,ON_TIME_PRE_SERVICE,True,"[""20260920T185807Z-b978900c-r5-q1-t9-blocker1""]",1,True,1789931537329.2625,target,physical_v3_broker_only,1,1789931542611.723,0,,,1,1789931548795.883,1789931537334.646,1789931549278.291,-3164.180419921875,0,0,0,NO_ATTRIBUTABLE_RISING_EDGE,,,0,,,,250,6.495916371932253
20260920T185807Z-b978900c-r5-q1-t12-target0,physical_v3_broker_only,1,12,5,1789931562453.8386,1,1789931550457.983,1,1789931555727.324,-6726.5146484375,1,1789931556271.749,0,0,0,ON_TIME_PRE_SERVICE,True,"[""20260920T185807Z-b978900c-r5-q1-t12-blocker1""]",1,True,1789931550453.8386,target,physical_v3_broker_only,1,1789931555727.145,0,,,1,1789931562071.5461,1789931550457.983,1789931562434.3372,-6182.089599609375,0,0,0,NO_ATTRIBUTABLE_RISING_EDGE,,,0,,,,250,5.2097168227192014
20260920T185807Z-b978900c-r5-q1-t20-target0,physical_v3_broker_only,1,20,5,1789931583619.3018,1,1789931563624.085,1,1789931568848.032,-14771.269775390625,1,1789931569366.889,0,0,0,ON_TIME_PRE_SERVICE,True,"[""20260920T185807Z-b978900c-r5-q1-t20-blocker1""]",1,True,1789931563619.3018,target,physical_v3_broker_only,1,1789931568847.73,0,,,1,1789931574995.454,1789931563624.085,1789931575444.87,-14252.412841796875,0,0,0,NO_ATTRIBUTABLE_RISING_EDGE,,,0,,,,250,6.784543977119029
20260920T185807Z-b978900c-r5-q2-t3-target0,physical_v3_broker_only,2,3,5,1789931579646.7107,1,1789931576652.579,1,1789931588057.83,8411.119384765625,1,1789931588587.776,0,0,0,LATE_PRE_SERVICE,True,"[""20260920T185807Z-b978900c-r5-q2-t3-blocker1"", ""20260920T185807Z-b978900c-r5-q2-t3-blocker2""]",2,True,1789931576646.7107,target,physical_v3_broker_only,1,1789931588057.645,0,,,1,1789931594219.807,1789931576652.579,1789931594685.6145,8941.065185546875,0,0,0,NO_ATTRIBUTABLE_RISING_EDGE,,,0,,,,250,0.4362011095508933
20260920T185807Z-b978900c-r5-q2-t6-target0,physical_v3_broker_only,2,6,5,1789931601918.1804,1,1789931595929.51,1,1789931607312.416,5394.235595703125,1,1789931607865.75,0,0,0,LATE_PRE_SERVICE,True,"[""20260920T185807Z-b978900c-r5-q2-t6-blocker1"", ""20260920T185807Z-b978900c-r5-q2-t6-blocker2""]",2,True,1789931595918.1804,target,physical_v3_broker_only,1,1789931607312.228,0,,,1,1789931613604.449,1789931595929.51,1789931614080.9097,5947.569580078125,0,0,0,NO_ATTRIBUTABLE_RISING_EDGE,,,0,,,,250,1.6725750174373388
20260920T185807Z-b978900c-r5-q2-t9-target0,physical_v3_broker_only,2,9,5,1789931624337.3599,1,1789931615341.296,1,1789931626877.424,2540.064208984375,1,1789931627478.6912,0,0,0,LATE_PRE_SERVICE,True,"[""20260920T185807Z-b978900c-r5-q2-t9-blocker1"", ""20260920T185807Z-b978900c-r5-q2-t9-blocker2""]",2,True,1789931615337.3599,target,physical_v3_broker_only,1,1789931626877.239,0,,,1,1789931633128.8608,1789931615341.296,1789931633629.6812,3141.331298828125,0,0,0,NO_ATTRIBUTABLE_RISING_EDGE,,,0,,,,250,6.794553744839504
20260920T185807Z-b978900c-r5-q2-t12-target0,physical_v3_broker_only,2,12,5,1789931646913.9333,1,1789931634919.039,1,1789931646269.6199,-644.3134765625,1,1789931646810.253,0,0,0,BOUNDARY_EXCLUDE_FROM_HEADLINE,True,"[""20260920T185807Z-b978900c-r5-q2-t12-blocker1"", ""20260920T185807Z-b978900c-r5-q2-t12-blocker2""]",2,True,1789931634913.9333,target,physical_v3_broker_only,1,1789931646269.441,0,,,1,1789931652703.893,1789931634919.039,1789931653215.7253,-103.680419921875,0,0,0,NO_ATTRIBUTABLE_RISING_EDGE,,,0,,,,250,1.2420597195159644
20260920T185807Z-b978900c-r5-q2-t20-target0,physical_v3_broker_only,2,20,5,1789931674395.8005,1,1789931654400.674,1,1789931665842.8408,-8552.959716796875,1,1789931666376.655,0,0,0,ON_TIME_PRE_SERVICE,True,"[""20260920T185807Z-b978900c-r5-q2-t20-blocker1"", ""20260920T185807Z-b978900c-r5-q2-t20-blocker2""]",2,True,1789931654395.8005,target,physical_v3_broker_only,1,1789931665842.5068,0,,,1,1789931672043.394,1789931654400.674,1789931672570.2007,-8019.1455078125,0,0,0,NO_ATTRIBUTABLE_RISING_EDGE,,,0,,,,250,3.553152084350586
