backlog,case,clock_bound_ms,command_id,executed_at_ms,execution_count,expires_at_ms,lateness_ms,note,outcome,receipt_count,received_at_ms,rep,terminal_observed,test,ttl_s,wall_mono_drift_ms
,broker_offline,,e1d1c8e6ee114d319cde22fab68c60e5,,0,,,Persistent session resumed; long-lived queued sentinel delivered.,BROKER_CONTROL_PASS,,,1,,C0_broker_offline,,
False,baseline_queued,250,eebe64d4008d400c9dd865104d4e0b6a,1789596885770.302,1,1789596888768.763,-2998.4609375,,ON_TIME_VIRTUAL_ACTUATION,1,1789596885771.166,1,True,C1_idle_short,3,0.0024170149117708206
True,baseline_queued,250,2e131ebf3be343d3966e811ed7869619,1789596902148.0032,1,1789596897421.2332,4726.77001953125,,LATE_VIRTUAL_ACTUATION,1,1789596894425.144,1,True,C2_queued_short,3,0.0018486753106117249
True,baseline_queued,250,ee6944ff17e94a1da9e9858e4f051dfa,1789596918512.1829,1,1789596940783.9016,-22271.71875,,ON_TIME_VIRTUAL_ACTUATION,1,1789596910786.019,1,True,C3_queued_long,30,0.0006402842700481415
True,baseline_parallel,250,d617fdf5f9654bf891ba6cacc135372a,1789596927145.052,1,1789596930143.0386,-2997.986572265625,,ON_TIME_VIRTUAL_ACTUATION,1,1789596927147.096,1,True,C4_parallel_short,3,0.0010943040251731873
True,admission_queued,250,4047ae010caa4958ab1973e68df5a4b3,1789596943520.06,1,1789596938792.5432,4727.516845703125,,LATE_VIRTUAL_ACTUATION,1,1789596935797.5781,1,True,C5_admission_short,3,0.002250075340270996
True,execution_queued,250,eb216324df194688870990a9a94a1f90,,0,1789596955162.7222,,,REJECTED_AT_EXECUTION_CHECK,1,1789596952165.395,1,True,C6_execution_short,3,0.0007112976163625717
True,execution_queued,250,662a292f284e4a2eb0d86a41cb060154,1789596968265.4778,1,1789596990540.661,-22275.18310546875,,ON_TIME_VIRTUAL_ACTUATION,1,1789596960543.138,1,True,C7_execution_long,30,0.0015676487237215042
,broker_offline,,03c367b1c52d4dae92fdeb7fc5bc01ae,,0,,,Persistent session resumed; long-lived queued sentinel delivered.,BROKER_CONTROL_PASS,,,2,,C0_broker_offline,,
False,baseline_queued,250,0b1181a4ca1843e4b1998b46f89a87d9,1789596983892.479,1,1789596986890.2231,-2997.744140625,,ON_TIME_VIRTUAL_ACTUATION,1,1789596983896.2268,2,True,C1_idle_short,3,0.0011008232831954956
True,baseline_queued,250,9878c52a21ee417a8e1f64bddcbc27b0,1789597000258.84,1,1789596995532.4565,4726.383544921875,,LATE_VIRTUAL_ACTUATION,1,1789596992534.624,2,True,C2_queued_short,3,0.0018137507140636444
True,baseline_queued,250,56c8fae804af4d02ad2feb420286e80f,1789597016632.639,1,1789597038907.3047,-22274.665771484375,,ON_TIME_VIRTUAL_ACTUATION,1,1789597008910.286,2,True,C3_queued_long,30,0.00096089206635952
True,baseline_parallel,250,ca0397ccb8ed4435b9e092cefd290c48,1789597025270.125,1,1789597028267.8767,-2997.751708984375,,ON_TIME_VIRTUAL_ACTUATION,1,1789597025273.7688,2,True,C4_parallel_short,3,0.0013294629752635956
True,admission_queued,250,872e243644a94a39b2f13a424f7f473f,1789597041639.1301,1,1789597036912.972,4726.158203125,,LATE_VIRTUAL_ACTUATION,1,1789597033916.606,2,True,C5_admission_short,3,0.0008039642125368118
True,execution_queued,250,f338a5d2b7434e32978c71ffeea11f08,,0,1789597053279.8313,,,REJECTED_AT_EXECUTION_CHECK,1,1789597050284.4,2,True,C6_execution_short,3,0.002698274329304695
True,execution_queued,250,82381e0413454943bb671776f445d2ed,1789597066368.267,1,1789597088638.004,-22269.73681640625,,ON_TIME_VIRTUAL_ACTUATION,1,1789597058640.558,2,True,C7_execution_long,30,0.00019813887774944305
,broker_offline,,57e9370e55b449018844af2ddf5b8ebc,,0,,,Persistent session resumed; long-lived queued sentinel delivered.,BROKER_CONTROL_PASS,,,3,,C0_broker_offline,,
False,baseline_queued,250,145b2f04091c4faa9a9edf6c08e4ae44,1789597082022.5479,1,1789597085021.2825,-2998.734619140625,,ON_TIME_VIRTUAL_ACTUATION,1,1789597082024.709,3,True,C1_idle_short,3,0.002952292561531067
True,baseline_queued,250,94c7491cbe954633955164da24ca46c7,1789597098396.5261,1,1789597093665.6113,4730.914794921875,,LATE_VIRTUAL_ACTUATION,1,1789597090668.113,3,True,C2_queued_short,3,0.0017986167222261429
True,baseline_queued,250,3103a62b2f1d405c8a951c9d7d68e97a,1789597114780.812,1,1789597137051.0173,-22270.205322265625,,ON_TIME_VIRTUAL_ACTUATION,1,1789597107055.4358,3,True,C3_queued_long,30,0.0012898817658424377
True,baseline_parallel,250,2499bcfecf774bc796ab2fe0a1bbad3f,1789597123419.6848,1,1789597126416.6194,-2996.9345703125,,ON_TIME_VIRTUAL_ACTUATION,1,1789597123424.4558,3,True,C4_parallel_short,3,0.0004782341420650482
True,admission_queued,250,301cbb8e16cf4a20b016577dd7ff36c1,1789597139793.278,1,1789597135066.6282,4726.64990234375,,LATE_VIRTUAL_ACTUATION,1,1789597132074.039,3,True,C5_admission_short,3,0.001259148120880127
True,execution_queued,250,1e6e9c3914ee441e854a36a8f1ad00be,,0,1789597151436.5588,,,REJECTED_AT_EXECUTION_CHECK,1,1789597148439.363,3,True,C6_execution_short,3,0.0009490177035331726
True,execution_queued,250,e7cb62b5c84643a08309e75afc1817fd,1789597164536.082,1,1789597186809.9688,-22273.88671875,,ON_TIME_VIRTUAL_ACTUATION,1,1789597156816.4402,3,True,C7_execution_long,30,0.002560904249548912
,broker_offline,,41ba639fa43d45b0a64dac21ced19c1b,,0,,,Persistent session resumed; long-lived queued sentinel delivered.,BROKER_CONTROL_PASS,,,4,,C0_broker_offline,,
False,baseline_queued,250,9a1564b1709f44f19c382d9cf026867d,1789597180166.199,1,1789597183164.6533,-2998.454345703125,,ON_TIME_VIRTUAL_ACTUATION,1,1789597180169.657,4,True,C1_idle_short,3,0.0007736962288618088
True,baseline_queued,250,025bcf74680945fb8120bb4cb021ecdb,1789597196530.3381,1,1789597191805.0637,4725.2744140625,,LATE_VIRTUAL_ACTUATION,1,1789597188807.123,4,True,C2_queued_short,3,0.0031909439712762833
True,baseline_queued,250,88ac42f0fe6b464097c2259f9f2b227d,1789597212914.218,1,1789597235186.9824,-22272.764404296875,,ON_TIME_VIRTUAL_ACTUATION,1,1789597205189.807,4,True,C3_queued_long,30,1.7229467630386353e-05
True,baseline_parallel,250,dfa73b1ba49c406b9a8f5a1f427dd6bf,1789597221558.177,1,1789597224552.9622,-2994.78515625,,ON_TIME_VIRTUAL_ACTUATION,1,1789597221563.708,4,True,C4_parallel_short,3,0.0010256189852952957
True,admission_queued,250,1143206ea10d4db9889643f5f33691eb,1789597237935.229,1,1789597233209.5317,4725.697265625,,LATE_VIRTUAL_ACTUATION,1,1789597230211.977,4,True,C5_admission_short,3,0.0006190966814756393
True,execution_queued,250,bdf61c8b37784cd9a7b8c1b679dcbe16,,0,1789597249569.5012,,,REJECTED_AT_EXECUTION_CHECK,1,1789597246576.802,4,True,C6_execution_short,3,0.0007685739547014236
True,execution_queued,250,535b7aaaeb064ff191dcb7a46170ec49,1789597262675.138,1,1789597284948.8242,-22273.686279296875,,ON_TIME_VIRTUAL_ACTUATION,1,1789597254951.477,4,True,C7_execution_long,30,0.0016812700778245926
,broker_offline,,7cdaf56b9745411a9bead9abd36c96bc,,0,,,Persistent session resumed; long-lived queued sentinel delivered.,BROKER_CONTROL_PASS,,,5,,C0_broker_offline,,
False,baseline_queued,250,664c9ea230114f7e92f99492ad1e97bb,1789597278301.623,1,1789597281296.7908,-2995.167724609375,,ON_TIME_VIRTUAL_ACTUATION,1,1789597278305.274,5,True,C1_idle_short,3,0.0008721835911273956
True,baseline_queued,250,b8be374274a44a57a88e989b7767f91c,1789597294673.944,1,1789597289949.5972,4724.346923828125,,LATE_VIRTUAL_ACTUATION,1,1789597286951.4512,5,True,C2_queued_short,3,0.001264270395040512
True,baseline_queued,250,b7c2b2611c904c56aaf4080faf22b29b,1789597311046.504,1,1789597333320.6135,-22274.109619140625,,ON_TIME_VIRTUAL_ACTUATION,1,1789597303327.902,5,True,C3_queued_long,30,0.0008575152605772018
True,baseline_parallel,250,3d7293a8ed7142218872d20061e5aefa,1789597319682.672,1,1789597322680.8523,-2998.18017578125,,ON_TIME_VIRTUAL_ACTUATION,1,1789597319690.625,5,True,C4_parallel_short,3,0.0014302786439657211
True,admission_queued,250,28259a8a771147449992f7ffd7b2bbdc,1789597336041.2122,1,1789597331315.975,4725.237060546875,,LATE_VIRTUAL_ACTUATION,1,1789597328322.96,5,True,C5_admission_short,3,0.0027669593691825867
True,execution_queued,250,1723564ddf3a42e7bb0c4cd6292cbfef,,0,1789597347697.3557,,,REJECTED_AT_EXECUTION_CHECK,1,1789597344699.5188,5,True,C6_execution_short,3,0.0001019798219203949
True,execution_queued,250,7b5c6a4743b7415a9d925b459d1a5a96,1789597360805.519,1,1789597383080.726,-22275.20703125,,ON_TIME_VIRTUAL_ACTUATION,1,1789597353087.825,5,True,C7_execution_long,30,0.0012852251529693604
