command_id,role,test,rep,case,policy,target_trial_command_id,expires_at_ms,historical_v2_label,receipt_count,missing_receipt,stage_counts,stage_times,stage_contexts,ambiguous_contexts,context_linked_on,context_linked_off,observation_interval,physical_start_ms,all_on_within_window,other_owned_transitions,unmatched_on,unmatched_off,missing_off_after_positive_execution,stage_order_violation,history,postreview_audit_status
ad4dfe373caa41c2bf72390f8dcf6e3c,blocker,C2_physical_queued_short,1,physical_baseline_queued,physical_baseline_queued,6d086944b4e8477f8bbf057703f9aaaa,,,1,False,"{""before_action"": 1, ""finished"": 1, ""off_confirmed"": 1, ""off_request"": 1, ""on_confirmed"": 1, ""on_request"": 1, ""rejected"": 0}","{""before_action"": [1789787776844.303], ""finished"": [1789787783593.799], ""off_confirmed"": [1789787783593.698], ""off_request"": [1789787782654.619], ""on_confirmed"": [1789787777653.761], ""on_request"": [1789787776844.418], ""rejected"": []}","[""01M2VTM9TBMDBZNHF1C2KRPZ81""]",[],"[{""at_ms"": 1789787777653.172, ""classification"": ""OWNED_BY_COMMAND"", ""context_id"": ""01M2VTM9TBMDBZNHF1C2KRPZ81"", ""owner_command_id"": ""ad4dfe373caa41c2bf72390f8dcf6e3c"", ""state"": ""on"", ""transition_id"": 24}]","[{""at_ms"": 1789787783593.078, ""classification"": ""OWNED_BY_COMMAND"", ""context_id"": ""01M2VTM9TBMDBZNHF1C2KRPZ81"", ""owner_command_id"": ""ad4dfe373caa41c2bf72390f8dcf6e3c"", ""state"": ""off"", ""transition_id"": 33}]","{""end_ms"": 1789787783595.957, ""receipt_or_first_stage_ms"": 1789787776844.303, ""start_ms"": 1789787776844.303}",1789787776844.303,"[{""at_ms"": 1789787777653.172, ""classification"": ""OWNED_BY_COMMAND"", ""context_id"": ""01M2VTM9TBMDBZNHF1C2KRPZ81"", ""owner_command_id"": ""ad4dfe373caa41c2bf72390f8dcf6e3c"", ""state"": ""on"", ""transition_id"": 24}]",[],[],[],False,False,,EXECUTION_SEQUENCE_VERIFIED
a7adf327934a48bdbd2f45e5b9ff0baf,blocker,C3_physical_queued_long,1,physical_baseline_queued,physical_baseline_queued,5c81371aaf44497bbfd675e29a6b6a12,,,1,False,"{""before_action"": 1, ""finished"": 1, ""off_confirmed"": 1, ""off_request"": 1, ""on_confirmed"": 1, ""on_request"": 1, ""rejected"": 0}","{""before_action"": [1789787789752.0918], ""finished"": [1789787796702.7239], ""off_confirmed"": [1789787796702.595], ""off_request"": [1789787795564.2148], ""on_confirmed"": [1789787790563.031], ""on_request"": [1789787789752.265], ""rejected"": []}","[""01M2VTMPDQYSKHSWQCYBBKJTMF""]",[],"[{""at_ms"": 1789787790562.4658, ""classification"": ""OWNED_BY_COMMAND"", ""context_id"": ""01M2VTMPDQYSKHSWQCYBBKJTMF"", ""owner_command_id"": ""a7adf327934a48bdbd2f45e5b9ff0baf"", ""state"": ""on"", ""transition_id"": 56}]","[{""at_ms"": 1789787796701.8398, ""classification"": ""OWNED_BY_COMMAND"", ""context_id"": ""01M2VTMPDQYSKHSWQCYBBKJTMF"", ""owner_command_id"": ""a7adf327934a48bdbd2f45e5b9ff0baf"", ""state"": ""off"", ""transition_id"": 65}]","{""end_ms"": 1789787796705.312, ""receipt_or_first_stage_ms"": 1789787789752.0918, ""start_ms"": 1789787789752.0918}",1789787789752.0918,"[{""at_ms"": 1789787790562.4658, ""classification"": ""OWNED_BY_COMMAND"", ""context_id"": ""01M2VTMPDQYSKHSWQCYBBKJTMF"", ""owner_command_id"": ""a7adf327934a48bdbd2f45e5b9ff0baf"", ""state"": ""on"", ""transition_id"": 56}]",[],[],[],False,False,,EXECUTION_SEQUENCE_VERIFIED
b4339f1bf9a3441cb0cc4ab555ac913d,blocker,C5_physical_admission_short,1,physical_admission_queued,physical_admission_queued,47c80f9314b34a67b11a2e5d2d8e5988,,,1,False,"{""before_action"": 1, ""finished"": 1, ""off_confirmed"": 1, ""off_request"": 1, ""on_confirmed"": 1, ""on_request"": 1, ""rejected"": 0}","{""before_action"": [1789787802775.2122], ""finished"": [1789787809704.77], ""off_confirmed"": [1789787809704.4219], ""off_request"": [1789787808563.477], ""on_confirmed"": [1789787803561.8132], ""on_request"": [1789787802775.351], ""rejected"": []}","[""01M2VTN34PAHH6RYCFVAB0B05A""]",[],"[{""at_ms"": 1789787803561.241, ""classification"": ""OWNED_BY_COMMAND"", ""context_id"": ""01M2VTN34PAHH6RYCFVAB0B05A"", ""owner_command_id"": ""b4339f1bf9a3441cb0cc4ab555ac913d"", ""state"": ""on"", ""transition_id"": 86}]","[{""at_ms"": 1789787809703.66, ""classification"": ""OWNED_BY_COMMAND"", ""context_id"": ""01M2VTN34PAHH6RYCFVAB0B05A"", ""owner_command_id"": ""b4339f1bf9a3441cb0cc4ab555ac913d"", ""state"": ""off"", ""transition_id"": 96}]","{""end_ms"": 1789787809707.302, ""receipt_or_first_stage_ms"": 1789787802775.2122, ""start_ms"": 1789787802775.2122}",1789787802775.2122,"[{""at_ms"": 1789787803561.241, ""classification"": ""OWNED_BY_COMMAND"", ""context_id"": ""01M2VTN34PAHH6RYCFVAB0B05A"", ""owner_command_id"": ""b4339f1bf9a3441cb0cc4ab555ac913d"", ""state"": ""on"", ""transition_id"": 86}]",[],[],[],False,False,,EXECUTION_SEQUENCE_VERIFIED
59f63e3dde944ad3b8705800e5fbda74,blocker,C6_physical_execution_short,1,physical_execution_queued,physical_execution_queued,2f1d7cd5d6ca4e01bc81ca0178f15fb9,,,1,False,"{""before_action"": 1, ""finished"": 1, ""off_confirmed"": 1, ""off_request"": 1, ""on_confirmed"": 1, ""on_request"": 1, ""rejected"": 0}","{""before_action"": [1789787815976.164], ""finished"": [1789787822816.528], ""off_confirmed"": [1789787822816.406], ""off_request"": [1789787821754.025], ""on_confirmed"": [1789787816751.105], ""on_request"": [1789787815976.293], ""rejected"": []}","[""01M2VTNG17FR75GMCE9DT0MS4F""]",[],"[{""at_ms"": 1789787816750.4138, ""classification"": ""OWNED_BY_COMMAND"", ""context_id"": ""01M2VTNG17FR75GMCE9DT0MS4F"", ""owner_command_id"": ""59f63e3dde944ad3b8705800e5fbda74"", ""state"": ""on"", ""transition_id"": 117}]","[{""at_ms"": 1789787822815.6519, ""classification"": ""OWNED_BY_COMMAND"", ""context_id"": ""01M2VTNG17FR75GMCE9DT0MS4F"", ""owner_command_id"": ""59f63e3dde944ad3b8705800e5fbda74"", ""state"": ""off"", ""transition_id"": 126}]","{""end_ms"": 1789787822819.2698, ""receipt_or_first_stage_ms"": 1789787815976.164, ""start_ms"": 1789787815976.164}",1789787815976.164,"[{""at_ms"": 1789787816750.4138, ""classification"": ""OWNED_BY_COMMAND"", ""context_id"": ""01M2VTNG17FR75GMCE9DT0MS4F"", ""owner_command_id"": ""59f63e3dde944ad3b8705800e5fbda74"", ""state"": ""on"", ""transition_id"": 117}]",[],[],[],False,False,,EXECUTION_SEQUENCE_VERIFIED
356c6285fd864a2492ebfaa209cd23d2,blocker,C7_physical_execution_long,1,physical_execution_queued,physical_execution_queued,fa8b5cb39b324a10b3ef9fb1045017ea,,,1,False,"{""before_action"": 1, ""finished"": 1, ""off_confirmed"": 1, ""off_request"": 1, ""on_confirmed"": 1, ""on_request"": 1, ""rejected"": 0}","{""before_action"": [1789787822828.595], ""finished"": [1789787828710.718], ""off_confirmed"": [1789787828710.5962], ""off_request"": [1789787828432.8352], ""on_confirmed"": [1789787823430.978], ""on_request"": [1789787822828.706], ""rejected"": []}","[""01M2VTNPQBBG2KS91YPEZ9N23X""]",[],"[{""at_ms"": 1789787823430.479, ""classification"": ""OWNED_BY_COMMAND"", ""context_id"": ""01M2VTNPQBBG2KS91YPEZ9N23X"", ""owner_command_id"": ""356c6285fd864a2492ebfaa209cd23d2"", ""state"": ""on"", ""transition_id"": 139}]","[{""at_ms"": 1789787828710.044, ""classification"": ""OWNED_BY_COMMAND"", ""context_id"": ""01M2VTNPQBBG2KS91YPEZ9N23X"", ""owner_command_id"": ""356c6285fd864a2492ebfaa209cd23d2"", ""state"": ""off"", ""transition_id"": 148}]","{""end_ms"": 1789787828713.2659, ""receipt_or_first_stage_ms"": 1789787822828.595, ""start_ms"": 1789787822828.595}",1789787822828.595,"[{""at_ms"": 1789787823430.479, ""classification"": ""OWNED_BY_COMMAND"", ""context_id"": ""01M2VTNPQBBG2KS91YPEZ9N23X"", ""owner_command_id"": ""356c6285fd864a2492ebfaa209cd23d2"", ""state"": ""on"", ""transition_id"": 139}]",[],[],[],False,False,,EXECUTION_SEQUENCE_VERIFIED
fb4f0d65bf284c4395d36746b86faf74,blocker,C2_physical_queued_short,2,physical_baseline_queued,physical_baseline_queued,c5c8d873aa8c4d33851707e099395991,,,1,False,"{""before_action"": 1, ""finished"": 1, ""off_confirmed"": 1, ""off_request"": 1, ""on_confirmed"": 1, ""on_request"": 1, ""rejected"": 0}","{""before_action"": [1789787846803.176], ""finished"": [1789787852815.827], ""off_confirmed"": [1789787852815.713], ""off_request"": [1789787852395.376], ""on_confirmed"": [1789787847393.902], ""on_request"": [1789787846803.332], ""rejected"": []}","[""01M2VTPE4J1A5FK8Z3RA8ZM0KY""]",[],"[{""at_ms"": 1789787847393.314, ""classification"": ""OWNED_BY_COMMAND"", ""context_id"": ""01M2VTPE4J1A5FK8Z3RA8ZM0KY"", ""owner_command_id"": ""fb4f0d65bf284c4395d36746b86faf74"", ""state"": ""on"", ""transition_id"": 188}]","[{""at_ms"": 1789787852815.216, ""classification"": ""OWNED_BY_COMMAND"", ""context_id"": ""01M2VTPE4J1A5FK8Z3RA8ZM0KY"", ""owner_command_id"": ""fb4f0d65bf284c4395d36746b86faf74"", ""state"": ""off"", ""transition_id"": 197}]","{""end_ms"": 1789787852818.348, ""receipt_or_first_stage_ms"": 1789787846803.176, ""start_ms"": 1789787846803.176}",1789787846803.176,"[{""at_ms"": 1789787847393.314, ""classification"": ""OWNED_BY_COMMAND"", ""context_id"": ""01M2VTPE4J1A5FK8Z3RA8ZM0KY"", ""owner_command_id"": ""fb4f0d65bf284c4395d36746b86faf74"", ""state"": ""on"", ""transition_id"": 188}]",[],[],[],False,False,,EXECUTION_SEQUENCE_VERIFIED
690f725a028d4c519be3c04ae15fd38e,blocker,C3_physical_queued_long,2,physical_baseline_queued,physical_baseline_queued,37e6c05669d8482eb203bea0b23dff06,,,1,False,"{""before_action"": 1, ""finished"": 1, ""off_confirmed"": 1, ""off_request"": 1, ""on_confirmed"": 1, ""on_request"": 1, ""rejected"": 0}","{""before_action"": [1789787859604.5352], ""finished"": [1789787865821.878], ""off_confirmed"": [1789787865821.765], ""off_request"": [1789787865126.7122], ""on_confirmed"": [1789787860126.334], ""on_request"": [1789787859604.6702], ""rejected"": []}","[""01M2VTPTMK2Z64N18926SKENHX""]",[],"[{""at_ms"": 1789787860125.685, ""classification"": ""OWNED_BY_COMMAND"", ""context_id"": ""01M2VTPTMK2Z64N18926SKENHX"", ""owner_command_id"": ""690f725a028d4c519be3c04ae15fd38e"", ""state"": ""on"", ""transition_id"": 219}]","[{""at_ms"": 1789787865821.231, ""classification"": ""OWNED_BY_COMMAND"", ""context_id"": ""01M2VTPTMK2Z64N18926SKENHX"", ""owner_command_id"": ""690f725a028d4c519be3c04ae15fd38e"", ""state"": ""off"", ""transition_id"": 227}]","{""end_ms"": 1789787865824.172, ""receipt_or_first_stage_ms"": 1789787859604.5352, ""start_ms"": 1789787859604.5352}",1789787859604.5352,"[{""at_ms"": 1789787860125.685, ""classification"": ""OWNED_BY_COMMAND"", ""context_id"": ""01M2VTPTMK2Z64N18926SKENHX"", ""owner_command_id"": ""690f725a028d4c519be3c04ae15fd38e"", ""state"": ""on"", ""transition_id"": 219}]",[],[],[],False,False,,EXECUTION_SEQUENCE_VERIFIED
a493d66996744d759abfab47f2a08e1f,blocker,C5_physical_admission_short,2,physical_admission_queued,physical_admission_queued,27f3de1363b342b08abc99eadff6d125,,,1,False,"{""before_action"": 1, ""finished"": 1, ""off_confirmed"": 1, ""off_request"": 1, ""on_confirmed"": 1, ""on_request"": 1, ""rejected"": 0}","{""before_action"": [1789787872602.597], ""finished"": [1789787878934.443], ""off_confirmed"": [1789787878934.325], ""off_request"": [1789787878197.614], ""on_confirmed"": [1789787873195.82], ""on_request"": [1789787872602.71], ""rejected"": []}","[""01M2VTQ7AS6TQCJCFZQQDVAPPY""]",[],"[{""at_ms"": 1789787873195.314, ""classification"": ""OWNED_BY_COMMAND"", ""context_id"": ""01M2VTQ7AS6TQCJCFZQQDVAPPY"", ""owner_command_id"": ""a493d66996744d759abfab47f2a08e1f"", ""state"": ""on"", ""transition_id"": 250}]","[{""at_ms"": 1789787878933.794, ""classification"": ""OWNED_BY_COMMAND"", ""context_id"": ""01M2VTQ7AS6TQCJCFZQQDVAPPY"", ""owner_command_id"": ""a493d66996744d759abfab47f2a08e1f"", ""state"": ""off"", ""transition_id"": 258}]","{""end_ms"": 1789787878936.6218, ""receipt_or_first_stage_ms"": 1789787872602.597, ""start_ms"": 1789787872602.597}",1789787872602.597,"[{""at_ms"": 1789787873195.314, ""classification"": ""OWNED_BY_COMMAND"", ""context_id"": ""01M2VTQ7AS6TQCJCFZQQDVAPPY"", ""owner_command_id"": ""a493d66996744d759abfab47f2a08e1f"", ""state"": ""on"", ""transition_id"": 250}]",[],[],[],False,False,,EXECUTION_SEQUENCE_VERIFIED
697b5b63ba8a430da5d630b32c5b50ae,blocker,C6_physical_execution_short,2,physical_execution_queued,physical_execution_queued,53a5c6c207104ed9bd029335b0d3e5e8,,,1,False,"{""before_action"": 1, ""finished"": 1, ""off_confirmed"": 1, ""off_request"": 1, ""on_confirmed"": 1, ""on_request"": 1, ""rejected"": 0}","{""before_action"": [1789787885381.48], ""finished"": [1789787891619.95], ""off_confirmed"": [1789787891619.8271], ""off_request"": [1789787890863.2861], ""on_confirmed"": [1789787885861.624], ""on_request"": [1789787885381.591], ""rejected"": []}","[""01M2VTQKT4VEPFSTD0EEQX7F82""]",[],"[{""at_ms"": 1789787885860.973, ""classification"": ""OWNED_BY_COMMAND"", ""context_id"": ""01M2VTQKT4VEPFSTD0EEQX7F82"", ""owner_command_id"": ""697b5b63ba8a430da5d630b32c5b50ae"", ""state"": ""on"", ""transition_id"": 278}]","[{""at_ms"": 1789787891619.206, ""classification"": ""OWNED_BY_COMMAND"", ""context_id"": ""01M2VTQKT4VEPFSTD0EEQX7F82"", ""owner_command_id"": ""697b5b63ba8a430da5d630b32c5b50ae"", ""state"": ""off"", ""transition_id"": 286}]","{""end_ms"": 1789787891622.3901, ""receipt_or_first_stage_ms"": 1789787885381.48, ""start_ms"": 1789787885381.48}",1789787885381.48,"[{""at_ms"": 1789787885860.973, ""classification"": ""OWNED_BY_COMMAND"", ""context_id"": ""01M2VTQKT4VEPFSTD0EEQX7F82"", ""owner_command_id"": ""697b5b63ba8a430da5d630b32c5b50ae"", ""state"": ""on"", ""transition_id"": 278}]",[],[],[],False,False,,EXECUTION_SEQUENCE_VERIFIED
fb904d24c2d948159a79e05496968578,blocker,C7_physical_execution_long,2,physical_execution_queued,physical_execution_queued,3f480fc0b86b4ef5be8f1b6a1ad750be,,,1,False,"{""before_action"": 1, ""finished"": 1, ""off_confirmed"": 1, ""off_request"": 1, ""on_confirmed"": 1, ""on_request"": 1, ""rejected"": 0}","{""before_action"": [1789787891645.8699], ""finished"": [1789787897847.814], ""off_confirmed"": [1789787897847.644], ""off_request"": [1789787897267.026], ""on_confirmed"": [1789787892267.9219], ""on_request"": [1789787891645.988], ""rejected"": []}","[""01M2VTQSXXNCHABTW2G3YJCKKA""]",[],"[{""at_ms"": 1789787892267.3718, ""classification"": ""OWNED_BY_COMMAND"", ""context_id"": ""01M2VTQSXXNCHABTW2G3YJCKKA"", ""owner_command_id"": ""fb904d24c2d948159a79e05496968578"", ""state"": ""on"", ""transition_id"": 299}]","[{""at_ms"": 1789787897846.673, ""classification"": ""OWNED_BY_COMMAND"", ""context_id"": ""01M2VTQSXXNCHABTW2G3YJCKKA"", ""owner_command_id"": ""fb904d24c2d948159a79e05496968578"", ""state"": ""off"", ""transition_id"": 307}]","{""end_ms"": 1789787897849.953, ""receipt_or_first_stage_ms"": 1789787891645.8699, ""start_ms"": 1789787891645.8699}",1789787891645.8699,"[{""at_ms"": 1789787892267.3718, ""classification"": ""OWNED_BY_COMMAND"", ""context_id"": ""01M2VTQSXXNCHABTW2G3YJCKKA"", ""owner_command_id"": ""fb904d24c2d948159a79e05496968578"", ""state"": ""on"", ""transition_id"": 299}]",[],[],[],False,False,,EXECUTION_SEQUENCE_VERIFIED
bfd9ff0e1bad4b93ae1d9fd560291431,blocker,C2_physical_queued_short,3,physical_baseline_queued,physical_baseline_queued,1482793062ba4443962e7cfe6136075d,,,1,False,"{""before_action"": 1, ""finished"": 1, ""off_confirmed"": 1, ""off_request"": 1, ""on_confirmed"": 1, ""on_request"": 1, ""rejected"": 0}","{""before_action"": [1789787915808.5798], ""finished"": [1789787921758.731], ""off_confirmed"": [1789787921758.6091], ""off_request"": [1789787921283.622], ""on_confirmed"": [1789787916281.594], ""on_request"": [1789787915808.799], ""rejected"": []}","[""01M2VTRHH0KJBSS8MK9T185YWT""]",[],"[{""at_ms"": 1789787916280.937, ""classification"": ""OWNED_BY_COMMAND"", ""context_id"": ""01M2VTRHH0KJBSS8MK9T185YWT"", ""owner_command_id"": ""bfd9ff0e1bad4b93ae1d9fd560291431"", ""state"": ""on"", ""transition_id"": 346}]","[{""at_ms"": 1789787921758.114, ""classification"": ""OWNED_BY_COMMAND"", ""context_id"": ""01M2VTRHH0KJBSS8MK9T185YWT"", ""owner_command_id"": ""bfd9ff0e1bad4b93ae1d9fd560291431"", ""state"": ""off"", ""transition_id"": 355}]","{""end_ms"": 1789787921761.071, ""receipt_or_first_stage_ms"": 1789787915808.5798, ""start_ms"": 1789787915808.5798}",1789787915808.5798,"[{""at_ms"": 1789787916280.937, ""classification"": ""OWNED_BY_COMMAND"", ""context_id"": ""01M2VTRHH0KJBSS8MK9T185YWT"", ""owner_command_id"": ""bfd9ff0e1bad4b93ae1d9fd560291431"", ""state"": ""on"", ""transition_id"": 346}]",[],[],[],False,False,,EXECUTION_SEQUENCE_VERIFIED
9d11124868e04e9f9b171ffc32c40457,blocker,C3_physical_queued_long,3,physical_baseline_queued,physical_baseline_queued,6fb456389bef41399a5a868cfb076f28,,,1,False,"{""before_action"": 1, ""finished"": 1, ""off_confirmed"": 1, ""off_request"": 1, ""on_confirmed"": 1, ""on_request"": 1, ""rejected"": 0}","{""before_action"": [1789787927819.9502], ""finished"": [1789787934642.365], ""off_confirmed"": [1789787934642.2478], ""off_request"": [1789787933704.804], ""on_confirmed"": [1789787928703.489], ""on_request"": [1789787927820.076], ""rejected"": []}","[""01M2VTRX8BB236195K60NBN64W""]",[],"[{""at_ms"": 1789787928702.835, ""classification"": ""OWNED_BY_COMMAND"", ""context_id"": ""01M2VTRX8BB236195K60NBN64W"", ""owner_command_id"": ""9d11124868e04e9f9b171ffc32c40457"", ""state"": ""on"", ""transition_id"": 378}]","[{""at_ms"": 1789787934641.636, ""classification"": ""OWNED_BY_COMMAND"", ""context_id"": ""01M2VTRX8BB236195K60NBN64W"", ""owner_command_id"": ""9d11124868e04e9f9b171ffc32c40457"", ""state"": ""off"", ""transition_id"": 387}]","{""end_ms"": 1789787934644.356, ""receipt_or_first_stage_ms"": 1789787927819.9502, ""start_ms"": 1789787927819.9502}",1789787927819.9502,"[{""at_ms"": 1789787928702.835, ""classification"": ""OWNED_BY_COMMAND"", ""context_id"": ""01M2VTRX8BB236195K60NBN64W"", ""owner_command_id"": ""9d11124868e04e9f9b171ffc32c40457"", ""state"": ""on"", ""transition_id"": 378}]",[],[],[],False,False,,EXECUTION_SEQUENCE_VERIFIED
2e62a053f62941c8a54b78ddcc2d56f3,blocker,C5_physical_admission_short,3,physical_admission_queued,physical_admission_queued,b592942f17984b1f98c33eff9cb34b2e,,,1,False,"{""before_action"": 1, ""finished"": 1, ""off_confirmed"": 1, ""off_request"": 1, ""on_confirmed"": 1, ""on_request"": 1, ""rejected"": 0}","{""before_action"": [1789787940822.098], ""finished"": [1789787947859.463], ""off_confirmed"": [1789787947859.336], ""off_request"": [1789787946518.317], ""on_confirmed"": [1789787941516.991], ""on_request"": [1789787940822.215], ""rejected"": []}","[""01M2VTS9YN9RG8D01RE8V94SSA""]",[],"[{""at_ms"": 1789787941516.378, ""classification"": ""OWNED_BY_COMMAND"", ""context_id"": ""01M2VTS9YN9RG8D01RE8V94SSA"", ""owner_command_id"": ""2e62a053f62941c8a54b78ddcc2d56f3"", ""state"": ""on"", ""transition_id"": 406}]","[{""at_ms"": 1789787947858.539, ""classification"": ""OWNED_BY_COMMAND"", ""context_id"": ""01M2VTS9YN9RG8D01RE8V94SSA"", ""owner_command_id"": ""2e62a053f62941c8a54b78ddcc2d56f3"", ""state"": ""off"", ""transition_id"": 415}]","{""end_ms"": 1789787947861.519, ""receipt_or_first_stage_ms"": 1789787940822.098, ""start_ms"": 1789787940822.098}",1789787940822.098,"[{""at_ms"": 1789787941516.378, ""classification"": ""OWNED_BY_COMMAND"", ""context_id"": ""01M2VTS9YN9RG8D01RE8V94SSA"", ""owner_command_id"": ""2e62a053f62941c8a54b78ddcc2d56f3"", ""state"": ""on"", ""transition_id"": 406}]",[],[],[],False,False,,EXECUTION_SEQUENCE_VERIFIED
653502e4dd5243f1b1929ccce428a63f,blocker,C6_physical_execution_short,3,physical_execution_queued,physical_execution_queued,554dc006d6e9446fb1f5e80e39a6727d,,,1,False,"{""before_action"": 1, ""finished"": 1, ""off_confirmed"": 1, ""off_request"": 1, ""on_confirmed"": 1, ""on_request"": 1, ""rejected"": 0}","{""before_action"": [1789787953764.219], ""finished"": [1789787959683.786], ""off_confirmed"": [1789787959683.609], ""off_request"": [1789787959094.1838], ""on_confirmed"": [1789787954091.99], ""on_request"": [1789787953764.39], ""rejected"": []}","[""01M2VTSPK304AGYMHH4FEP89VJ""]",[],"[{""at_ms"": 1789787954091.313, ""classification"": ""OWNED_BY_COMMAND"", ""context_id"": ""01M2VTSPK304AGYMHH4FEP89VJ"", ""owner_command_id"": ""653502e4dd5243f1b1929ccce428a63f"", ""state"": ""on"", ""transition_id"": 436}]","[{""at_ms"": 1789787959683.1208, ""classification"": ""OWNED_BY_COMMAND"", ""context_id"": ""01M2VTSPK304AGYMHH4FEP89VJ"", ""owner_command_id"": ""653502e4dd5243f1b1929ccce428a63f"", ""state"": ""off"", ""transition_id"": 444}]","{""end_ms"": 1789787959686.09, ""receipt_or_first_stage_ms"": 1789787953764.219, ""start_ms"": 1789787953764.219}",1789787953764.219,"[{""at_ms"": 1789787954091.313, ""classification"": ""OWNED_BY_COMMAND"", ""context_id"": ""01M2VTSPK304AGYMHH4FEP89VJ"", ""owner_command_id"": ""653502e4dd5243f1b1929ccce428a63f"", ""state"": ""on"", ""transition_id"": 436}]",[],[],[],False,False,,EXECUTION_SEQUENCE_VERIFIED
c28f8be05de7430281e784e89278617c,blocker,C7_physical_execution_long,3,physical_execution_queued,physical_execution_queued,4cf45e29538d4d17ab4c0736282a8b10,,,1,False,"{""before_action"": 1, ""finished"": 1, ""off_confirmed"": 1, ""off_request"": 1, ""on_confirmed"": 1, ""on_request"": 1, ""rejected"": 0}","{""before_action"": [1789787959724.0142], ""finished"": [1789787965769.835], ""off_confirmed"": [1789787965769.519], ""off_request"": [1789787965372.772], ""on_confirmed"": [1789787960371.437], ""on_request"": [1789787959724.1262], ""rejected"": []}","[""01M2VTSWDBMHAMBPJX5XK27X3V""]",[],"[{""at_ms"": 1789787960370.856, ""classification"": ""OWNED_BY_COMMAND"", ""context_id"": ""01M2VTSWDBMHAMBPJX5XK27X3V"", ""owner_command_id"": ""c28f8be05de7430281e784e89278617c"", ""state"": ""on"", ""transition_id"": 457}]","[{""at_ms"": 1789787965768.708, ""classification"": ""OWNED_BY_COMMAND"", ""context_id"": ""01M2VTSWDBMHAMBPJX5XK27X3V"", ""owner_command_id"": ""c28f8be05de7430281e784e89278617c"", ""state"": ""off"", ""transition_id"": 466}]","{""end_ms"": 1789787965772.522, ""receipt_or_first_stage_ms"": 1789787959724.0142, ""start_ms"": 1789787959724.0142}",1789787959724.0142,"[{""at_ms"": 1789787960370.856, ""classification"": ""OWNED_BY_COMMAND"", ""context_id"": ""01M2VTSWDBMHAMBPJX5XK27X3V"", ""owner_command_id"": ""c28f8be05de7430281e784e89278617c"", ""state"": ""on"", ""transition_id"": 457}]",[],[],[],False,False,,EXECUTION_SEQUENCE_VERIFIED
e26e4f1e7b0643bc80bd69d1a88a2795,blocker,C2_physical_queued_short,4,physical_baseline_queued,physical_baseline_queued,ca465bd090c748299b3db8dfa115f085,,,1,False,"{""before_action"": 1, ""finished"": 1, ""off_confirmed"": 1, ""off_request"": 1, ""on_confirmed"": 1, ""on_request"": 1, ""rejected"": 0}","{""before_action"": [1789787983661.896], ""finished"": [1789787989735.021], ""off_confirmed"": [1789787989734.887], ""off_request"": [1789787989181.105], ""on_confirmed"": [1789787984179.466], ""on_request"": [1789787983662.133], ""rejected"": []}","[""01M2VTTKSD0QAFPW6MB6R5YF66""]",[],"[{""at_ms"": 1789787984178.719, ""classification"": ""OWNED_BY_COMMAND"", ""context_id"": ""01M2VTTKSD0QAFPW6MB6R5YF66"", ""owner_command_id"": ""e26e4f1e7b0643bc80bd69d1a88a2795"", ""state"": ""on"", ""transition_id"": 506}]","[{""at_ms"": 1789787989734.267, ""classification"": ""OWNED_BY_COMMAND"", ""context_id"": ""01M2VTTKSD0QAFPW6MB6R5YF66"", ""owner_command_id"": ""e26e4f1e7b0643bc80bd69d1a88a2795"", ""state"": ""off"", ""transition_id"": 514}]","{""end_ms"": 1789787989737.753, ""receipt_or_first_stage_ms"": 1789787983661.896, ""start_ms"": 1789787983661.896}",1789787983661.896,"[{""at_ms"": 1789787984178.719, ""classification"": ""OWNED_BY_COMMAND"", ""context_id"": ""01M2VTTKSD0QAFPW6MB6R5YF66"", ""owner_command_id"": ""e26e4f1e7b0643bc80bd69d1a88a2795"", ""state"": ""on"", ""transition_id"": 506}]",[],[],[],False,False,,EXECUTION_SEQUENCE_VERIFIED
a0946d511e034859bbf96dfa86c16153,blocker,C3_physical_queued_long,4,physical_baseline_queued,physical_baseline_queued,beb1673f9b064e439826e891d817da55,,,1,False,"{""before_action"": 1, ""finished"": 1, ""off_confirmed"": 1, ""off_request"": 1, ""on_confirmed"": 1, ""on_request"": 1, ""rejected"": 0}","{""before_action"": [1789787996551.524], ""finished"": [1789788002743.4932], ""off_confirmed"": [1789788002743.393], ""off_request"": [1789788002215.538], ""on_confirmed"": [1789787997213.344], ""on_request"": [1789787996551.6401], ""rejected"": []}","[""01M2VTV0C6AE55RD59DV61S0KB""]",[],"[{""at_ms"": 1789787997212.7532, ""classification"": ""OWNED_BY_COMMAND"", ""context_id"": ""01M2VTV0C6AE55RD59DV61S0KB"", ""owner_command_id"": ""a0946d511e034859bbf96dfa86c16153"", ""state"": ""on"", ""transition_id"": 537}]","[{""at_ms"": 1789788002742.933, ""classification"": ""OWNED_BY_COMMAND"", ""context_id"": ""01M2VTV0C6AE55RD59DV61S0KB"", ""owner_command_id"": ""a0946d511e034859bbf96dfa86c16153"", ""state"": ""off"", ""transition_id"": 546}]","{""end_ms"": 1789788002745.7832, ""receipt_or_first_stage_ms"": 1789787996551.524, ""start_ms"": 1789787996551.524}",1789787996551.524,"[{""at_ms"": 1789787997212.7532, ""classification"": ""OWNED_BY_COMMAND"", ""context_id"": ""01M2VTV0C6AE55RD59DV61S0KB"", ""owner_command_id"": ""a0946d511e034859bbf96dfa86c16153"", ""state"": ""on"", ""transition_id"": 537}]",[],[],[],False,False,,EXECUTION_SEQUENCE_VERIFIED
bcb0a6501e73448488d8b32872a41872,blocker,C5_physical_admission_short,4,physical_admission_queued,physical_admission_queued,ab79f1c1be394352b787e719e7cc6362,,,1,False,"{""before_action"": 1, ""finished"": 1, ""off_confirmed"": 1, ""off_request"": 1, ""on_confirmed"": 1, ""on_request"": 1, ""rejected"": 0}","{""before_action"": [1789788009641.926], ""finished"": [1789788015732.2532], ""off_confirmed"": [1789788015732.136], ""off_request"": [1789788015219.1091], ""on_confirmed"": [1789788010219.167], ""on_request"": [1789788009642.131], ""rejected"": []}","[""01M2VTVD59C3YD088J520HAY3R""]",[],"[{""at_ms"": 1789788010218.628, ""classification"": ""OWNED_BY_COMMAND"", ""context_id"": ""01M2VTVD59C3YD088J520HAY3R"", ""owner_command_id"": ""bcb0a6501e73448488d8b32872a41872"", ""state"": ""on"", ""transition_id"": 568}]","[{""at_ms"": 1789788015731.555, ""classification"": ""OWNED_BY_COMMAND"", ""context_id"": ""01M2VTVD59C3YD088J520HAY3R"", ""owner_command_id"": ""bcb0a6501e73448488d8b32872a41872"", ""state"": ""off"", ""transition_id"": 577}]","{""end_ms"": 1789788015734.728, ""receipt_or_first_stage_ms"": 1789788009641.926, ""start_ms"": 1789788009641.926}",1789788009641.926,"[{""at_ms"": 1789788010218.628, ""classification"": ""OWNED_BY_COMMAND"", ""context_id"": ""01M2VTVD59C3YD088J520HAY3R"", ""owner_command_id"": ""bcb0a6501e73448488d8b32872a41872"", ""state"": ""on"", ""transition_id"": 568}]",[],[],[],False,False,,EXECUTION_SEQUENCE_VERIFIED
b95617a2734e4ba49a848577d276b61c,blocker,C6_physical_execution_short,4,physical_execution_queued,physical_execution_queued,387602921ae8402283fb1f0922a90227,,,1,False,"{""before_action"": 1, ""finished"": 1, ""off_confirmed"": 1, ""off_request"": 1, ""on_confirmed"": 1, ""on_request"": 1, ""rejected"": 0}","{""before_action"": [1789788022537.473], ""finished"": [1789788028751.8762], ""off_confirmed"": [1789788028751.7751], ""off_request"": [1789788028211.791], ""on_confirmed"": [1789788023209.728], ""on_request"": [1789788022537.606], ""rejected"": []}","[""01M2VTVSR8E6NCJF769FRXM9WX""]",[],"[{""at_ms"": 1789788023209.107, ""classification"": ""OWNED_BY_COMMAND"", ""context_id"": ""01M2VTVSR8E6NCJF769FRXM9WX"", ""owner_command_id"": ""b95617a2734e4ba49a848577d276b61c"", ""state"": ""on"", ""transition_id"": 599}]","[{""at_ms"": 1789788028751.304, ""classification"": ""OWNED_BY_COMMAND"", ""context_id"": ""01M2VTVSR8E6NCJF769FRXM9WX"", ""owner_command_id"": ""b95617a2734e4ba49a848577d276b61c"", ""state"": ""off"", ""transition_id"": 607}]","{""end_ms"": 1789788028754.434, ""receipt_or_first_stage_ms"": 1789788022537.473, ""start_ms"": 1789788022537.473}",1789788022537.473,"[{""at_ms"": 1789788023209.107, ""classification"": ""OWNED_BY_COMMAND"", ""context_id"": ""01M2VTVSR8E6NCJF769FRXM9WX"", ""owner_command_id"": ""b95617a2734e4ba49a848577d276b61c"", ""state"": ""on"", ""transition_id"": 599}]",[],[],[],False,False,,EXECUTION_SEQUENCE_VERIFIED
dba977ed03ee483ba789bdd59c38a25d,blocker,C7_physical_execution_long,4,physical_execution_queued,physical_execution_queued,7455bc95811643f48374ee7ad450cd6f,,,1,False,"{""before_action"": 1, ""finished"": 1, ""off_confirmed"": 1, ""off_request"": 1, ""on_confirmed"": 1, ""on_request"": 1, ""rejected"": 0}","{""before_action"": [1789788028780.2688], ""finished"": [1789788035848.9329], ""off_confirmed"": [1789788035848.8071], ""off_request"": [1789788034573.008], ""on_confirmed"": [1789788029570.987], ""on_request"": [1789788028780.37], ""rejected"": []}","[""01M2VTVZVBP8SCJRVVGQHNGXJK""]",[],"[{""at_ms"": 1789788029570.3372, ""classification"": ""OWNED_BY_COMMAND"", ""context_id"": ""01M2VTVZVBP8SCJRVVGQHNGXJK"", ""owner_command_id"": ""dba977ed03ee483ba789bdd59c38a25d"", ""state"": ""on"", ""transition_id"": 620}]","[{""at_ms"": 1789788035848.196, ""classification"": ""OWNED_BY_COMMAND"", ""context_id"": ""01M2VTVZVBP8SCJRVVGQHNGXJK"", ""owner_command_id"": ""dba977ed03ee483ba789bdd59c38a25d"", ""state"": ""off"", ""transition_id"": 630}]","{""end_ms"": 1789788035851.6619, ""receipt_or_first_stage_ms"": 1789788028780.2688, ""start_ms"": 1789788028780.2688}",1789788028780.2688,"[{""at_ms"": 1789788029570.3372, ""classification"": ""OWNED_BY_COMMAND"", ""context_id"": ""01M2VTVZVBP8SCJRVVGQHNGXJK"", ""owner_command_id"": ""dba977ed03ee483ba789bdd59c38a25d"", ""state"": ""on"", ""transition_id"": 620}]",[],[],[],False,False,,EXECUTION_SEQUENCE_VERIFIED
a6e72074cb1d4a3fa2e9015260d33fa3,blocker,C2_physical_queued_short,5,physical_baseline_queued,physical_baseline_queued,59936e4d07b5424583bb1c08dbc91c1c,,,1,False,"{""before_action"": 1, ""finished"": 1, ""off_confirmed"": 1, ""off_request"": 1, ""on_confirmed"": 1, ""on_request"": 1, ""rejected"": 0}","{""before_action"": [1789788053770.773], ""finished"": [1789788059783.5122], ""off_confirmed"": [1789788059783.3928], ""off_request"": [1789788059353.3809], ""on_confirmed"": [1789788054350.418], ""on_request"": [1789788053770.883], ""rejected"": []}","[""01M2VTWR8ATWWB90Q17Q7D710J""]",[],"[{""at_ms"": 1789788054349.729, ""classification"": ""OWNED_BY_COMMAND"", ""context_id"": ""01M2VTWR8ATWWB90Q17Q7D710J"", ""owner_command_id"": ""a6e72074cb1d4a3fa2e9015260d33fa3"", ""state"": ""on"", ""transition_id"": 668}]","[{""at_ms"": 1789788059782.823, ""classification"": ""OWNED_BY_COMMAND"", ""context_id"": ""01M2VTWR8ATWWB90Q17Q7D710J"", ""owner_command_id"": ""a6e72074cb1d4a3fa2e9015260d33fa3"", ""state"": ""off"", ""transition_id"": 676}]","{""end_ms"": 1789788059786.449, ""receipt_or_first_stage_ms"": 1789788053770.773, ""start_ms"": 1789788053770.773}",1789788053770.773,"[{""at_ms"": 1789788054349.729, ""classification"": ""OWNED_BY_COMMAND"", ""context_id"": ""01M2VTWR8ATWWB90Q17Q7D710J"", ""owner_command_id"": ""a6e72074cb1d4a3fa2e9015260d33fa3"", ""state"": ""on"", ""transition_id"": 668}]",[],[],[],False,False,,EXECUTION_SEQUENCE_VERIFIED
89e850af60204741a38f917cca223544,blocker,C3_physical_queued_long,5,physical_baseline_queued,physical_baseline_queued,b2a579ba087444799a45681ea4d98045,,,1,False,"{""before_action"": 1, ""finished"": 1, ""off_confirmed"": 1, ""off_request"": 1, ""on_confirmed"": 1, ""on_request"": 1, ""rejected"": 0}","{""before_action"": [1789788066783.212], ""finished"": [1789788072875.151], ""off_confirmed"": [1789788072875.036], ""off_request"": [1789788072466.727], ""on_confirmed"": [1789788067463.585], ""on_request"": [1789788066783.347], ""rejected"": []}","[""01M2VTX4YYY2G74GSM2W2WXQ7N""]",[],"[{""at_ms"": 1789788067463.055, ""classification"": ""OWNED_BY_COMMAND"", ""context_id"": ""01M2VTX4YYY2G74GSM2W2WXQ7N"", ""owner_command_id"": ""89e850af60204741a38f917cca223544"", ""state"": ""on"", ""transition_id"": 697}]","[{""at_ms"": 1789788072874.5261, ""classification"": ""OWNED_BY_COMMAND"", ""context_id"": ""01M2VTX4YYY2G74GSM2W2WXQ7N"", ""owner_command_id"": ""89e850af60204741a38f917cca223544"", ""state"": ""off"", ""transition_id"": 706}]","{""end_ms"": 1789788072877.623, ""receipt_or_first_stage_ms"": 1789788066783.212, ""start_ms"": 1789788066783.212}",1789788066783.212,"[{""at_ms"": 1789788067463.055, ""classification"": ""OWNED_BY_COMMAND"", ""context_id"": ""01M2VTX4YYY2G74GSM2W2WXQ7N"", ""owner_command_id"": ""89e850af60204741a38f917cca223544"", ""state"": ""on"", ""transition_id"": 697}]",[],[],[],False,False,,EXECUTION_SEQUENCE_VERIFIED
7fa0ad2890694f5fb66f68a61370a282,blocker,C5_physical_admission_short,5,physical_admission_queued,physical_admission_queued,3262d5f95b8a49feaa95ccc15d70a59d,,,1,False,"{""before_action"": 1, ""finished"": 1, ""off_confirmed"": 1, ""off_request"": 1, ""on_confirmed"": 1, ""on_request"": 1, ""rejected"": 0}","{""before_action"": [1789788079695.27], ""finished"": [1789788085985.2952], ""off_confirmed"": [1789788085985.179], ""off_request"": [1789788085367.691], ""on_confirmed"": [1789788080366.1821], ""on_request"": [1789788079695.445], ""rejected"": []}","[""01M2VTXHJE0Y488XW7NMY01H5K""]",[],"[{""at_ms"": 1789788080365.477, ""classification"": ""OWNED_BY_COMMAND"", ""context_id"": ""01M2VTXHJE0Y488XW7NMY01H5K"", ""owner_command_id"": ""7fa0ad2890694f5fb66f68a61370a282"", ""state"": ""on"", ""transition_id"": 728}]","[{""at_ms"": 1789788085984.543, ""classification"": ""OWNED_BY_COMMAND"", ""context_id"": ""01M2VTXHJE0Y488XW7NMY01H5K"", ""owner_command_id"": ""7fa0ad2890694f5fb66f68a61370a282"", ""state"": ""off"", ""transition_id"": 736}]","{""end_ms"": 1789788085987.236, ""receipt_or_first_stage_ms"": 1789788079695.27, ""start_ms"": 1789788079695.27}",1789788079695.27,"[{""at_ms"": 1789788080365.477, ""classification"": ""OWNED_BY_COMMAND"", ""context_id"": ""01M2VTXHJE0Y488XW7NMY01H5K"", ""owner_command_id"": ""7fa0ad2890694f5fb66f68a61370a282"", ""state"": ""on"", ""transition_id"": 728}]",[],[],[],False,False,,EXECUTION_SEQUENCE_VERIFIED
09cfafc296be4327be4eba459aca74e4,blocker,C6_physical_execution_short,5,physical_execution_queued,physical_execution_queued,f0a79dbac0614357b3988d283105087a,,,1,False,"{""before_action"": 1, ""finished"": 1, ""off_confirmed"": 1, ""off_request"": 1, ""on_confirmed"": 1, ""on_request"": 1, ""rejected"": 0}","{""before_action"": [1789788092578.9448], ""finished"": [1789788098783.575], ""off_confirmed"": [1789788098783.4622], ""off_request"": [1789788098169.862], ""on_confirmed"": [1789788093168.08], ""on_request"": [1789788092579.051], ""rejected"": []}","[""01M2VTXY52H783S4K88EMHNX7B""]",[],"[{""at_ms"": 1789788093167.457, ""classification"": ""OWNED_BY_COMMAND"", ""context_id"": ""01M2VTXY52H783S4K88EMHNX7B"", ""owner_command_id"": ""09cfafc296be4327be4eba459aca74e4"", ""state"": ""on"", ""transition_id"": 759}]","[{""at_ms"": 1789788098782.939, ""classification"": ""OWNED_BY_COMMAND"", ""context_id"": ""01M2VTXY52H783S4K88EMHNX7B"", ""owner_command_id"": ""09cfafc296be4327be4eba459aca74e4"", ""state"": ""off"", ""transition_id"": 768}]","{""end_ms"": 1789788098785.991, ""receipt_or_first_stage_ms"": 1789788092578.9448, ""start_ms"": 1789788092578.9448}",1789788092578.9448,"[{""at_ms"": 1789788093167.457, ""classification"": ""OWNED_BY_COMMAND"", ""context_id"": ""01M2VTXY52H783S4K88EMHNX7B"", ""owner_command_id"": ""09cfafc296be4327be4eba459aca74e4"", ""state"": ""on"", ""transition_id"": 759}]",[],[],[],False,False,,EXECUTION_SEQUENCE_VERIFIED
ebb03798baad4627a1206db182fac2b3,blocker,C7_physical_execution_long,5,physical_execution_queued,physical_execution_queued,62b8926a02fc43b7ac1616115c40c211,,,1,False,"{""before_action"": 1, ""finished"": 1, ""off_confirmed"": 1, ""off_request"": 1, ""on_confirmed"": 1, ""on_request"": 1, ""rejected"": 0}","{""before_action"": [1789788098829.8171], ""finished"": [1789788105967.4028], ""off_confirmed"": [1789788105967.2861], ""off_request"": [1789788104614.348], ""on_confirmed"": [1789788099614.186], ""on_request"": [1789788098829.925], ""rejected"": []}","[""01M2VTY48D6XDQED3692TRZG9Q""]",[],"[{""at_ms"": 1789788099613.569, ""classification"": ""OWNED_BY_COMMAND"", ""context_id"": ""01M2VTY48D6XDQED3692TRZG9Q"", ""owner_command_id"": ""ebb03798baad4627a1206db182fac2b3"", ""state"": ""on"", ""transition_id"": 780}]","[{""at_ms"": 1789788105966.613, ""classification"": ""OWNED_BY_COMMAND"", ""context_id"": ""01M2VTY48D6XDQED3692TRZG9Q"", ""owner_command_id"": ""ebb03798baad4627a1206db182fac2b3"", ""state"": ""off"", ""transition_id"": 789}]","{""end_ms"": 1789788105969.9832, ""receipt_or_first_stage_ms"": 1789788098829.8171, ""start_ms"": 1789788098829.8171}",1789788098829.8171,"[{""at_ms"": 1789788099613.569, ""classification"": ""OWNED_BY_COMMAND"", ""context_id"": ""01M2VTY48D6XDQED3692TRZG9Q"", ""owner_command_id"": ""ebb03798baad4627a1206db182fac2b3"", ""state"": ""on"", ""transition_id"": 780}]",[],[],[],False,False,,EXECUTION_SEQUENCE_VERIFIED
