backlog,case,clock_bound_ms,command_id,endpoint_lateness_ms,endpoint_off_at_ms,endpoint_off_transition_count,endpoint_on_at_ms,endpoint_on_transition_count,expires_at_ms,on_request_at_ms,outcome,physical_on_request_count,receipt_count,received_at_ms,rejected_count,rep,request_lateness_ms,test,ttl_s,wall_mono_drift_ms
,broker_offline,,c398241ee5b24a32b19d55b676ee3081,,,,,,,,BROKER_CONTROL_PASS,,,,,1,,C0_broker_expiry,,
False,physical_baseline_queued,250,0032919272014a56bb3e096263ac432d,-2302.462890625,1789787776831.517,1,1789787771305.249,1,1789787773607.712,1789787770611.136,ON_TIME_PHYSICAL_REQUEST,1,1,1789787770614.6382,0,1,-2996.575927734375,C1_physical_idle_short,3,0.1028919223244884
True,physical_baseline_queued,250,6d086944b4e8477f8bbf057703f9aaaa,2551.087158203125,1789787789737.767,1,1789787784209.3179,1,1789787781658.2307,1789787783596.226,LATE_PHYSICAL_REQUEST,1,1,1789787778662.618,0,1,1937.995361328125,C2_physical_queued_short,3,0.4967632294210489
True,physical_baseline_queued,250,5c81371aaf44497bbfd675e29a6b6a12,-14254.2451171875,1789787802739.99,1,1789787797311.695,1,1789787811565.9402,1789787796705.511,ON_TIME_PHYSICAL_REQUEST,1,1,1789787791570.822,0,1,-14860.42919921875,C3_physical_queued_long,20,5.961450576251082
True,physical_admission_queued,250,47c80f9314b34a67b11a2e5d2d8e5988,2729.870849609375,1789787815959.698,1,1789787810320.624,1,1789787807590.7532,1789787809707.5042,LATE_PHYSICAL_REQUEST,1,1,1789787804594.996,0,1,2116.7509765625,C5_physical_admission_short,3,1.0637550349201774
True,physical_execution_queued,250,2f1d7cd5d6ca4e01bc81ca0178f15fb9,,,0,,0,1789787820771.41,,REJECTED_AT_EXECUTION_CHECK,0,1,1789787817775.206,1,1,,C6_physical_execution_short,3,7.814916611096123
True,physical_execution_queued,250,fa8b5cb39b324a10b3ef9fb1045017ea,-15111.570068359375,1789787835089.822,1,1789787829330.564,1,1789787844442.134,1789787828713.427,ON_TIME_PHYSICAL_REQUEST,1,1,1789787824446.433,0,1,-15728.70703125,C7_physical_execution_long,20,5.645889282277494
,broker_offline,,ea09734013c94c13a138f5b58c320bda,,,,,,,,BROKER_CONTROL_PASS,,,,,2,,C0_broker_expiry,,
False,physical_baseline_queued,250,65a5e121c7e641bf9c70ab2ac45cd248,-2561.81494140625,1789787846772.4358,1,1789787840829.0962,1,1789787843390.9111,1789787840392.528,ON_TIME_PHYSICAL_REQUEST,1,1,1789787840395.9702,0,2,-2998.383056640625,C1_physical_idle_short,3,3.595251083424955
True,physical_baseline_queued,250,c5c8d873aa8c4d33851707e099395991,2218.869384765625,1789787859576.4192,1,1789787853638.378,1,1789787851419.5085,1789787852818.625,LATE_PHYSICAL_REQUEST,1,1,1789787848424.011,0,2,1399.116455078125,C2_physical_queued_short,3,2.922227859926352
True,physical_baseline_queued,250,37e6c05669d8482eb203bea0b23dff06,-14499.56201171875,1789787872584.255,1,1789787866643.495,1,1789787881143.0571,1789787865824.359,ON_TIME_PHYSICAL_REQUEST,1,1,1789787861148.268,0,2,-15318.6982421875,C3_physical_queued_long,20,2.5403499603271484
True,physical_admission_queued,250,27f3de1363b342b08abc99eadff6d125,2458.019775390625,1789787885327.789,1,1789787879678.109,1,1789787877220.089,1789787878936.79,LATE_PHYSICAL_REQUEST,1,1,1789787874224.5989,0,2,1716.700927734375,C5_physical_admission_short,3,3.43833541865024
True,physical_execution_queued,250,53a5c6c207104ed9bd029335b0d3e5e8,,,0,,0,1789787889870.1394,,REJECTED_AT_EXECUTION_CHECK,0,1,1789787886875.0852,1,2,,C6_physical_execution_short,3,3.0145320897645433
True,physical_execution_queued,250,3f480fc0b86b4ef5be8f1b6a1ad750be,-14761.7998046875,1789787904436.907,1,1789787898528.024,1,1789787913289.8237,1789787897850.1191,ON_TIME_PHYSICAL_REQUEST,1,1,1789787893293.3828,0,2,-15439.70458984375,C7_physical_execution_long,20,0.30690956100443145
,broker_offline,,05a0809e157b41e4ad39331e2a11fb3f,,,,,,,,BROKER_CONTROL_PASS,,,,,3,,C0_broker_expiry,,
False,physical_baseline_queued,250,a55092cb32bf4d8e9291d065fa7d9006,-2355.566162109375,1789787915788.627,1,1789787910420.041,1,1789787912775.6072,1789787909778.135,ON_TIME_PHYSICAL_REQUEST,1,1,1789787909781.603,0,3,-2997.47216796875,C1_physical_idle_short,3,13.020786284869246
True,physical_baseline_queued,250,1482793062ba4443962e7cfe6136075d,1848.838623046875,1789787927782.311,1,1789787922145.3298,1,1789787920296.4912,1789787921761.2441,LATE_PHYSICAL_REQUEST,1,1,1789787917301.655,0,3,1464.7529296875,C2_physical_queued_short,3,4.280296325305244
True,physical_baseline_queued,250,6fb456389bef41399a5a868cfb076f28,-14471.418701171875,1789787940782.116,1,1789787935255.4678,1,1789787949726.8865,1789787934644.561,ON_TIME_PHYSICAL_REQUEST,1,1,1789787929730.3792,0,3,-15082.325439453125,C3_physical_queued_long,20,0.09846687316894531
True,physical_admission_queued,250,b592942f17984b1f98c33eff9cb34b2e,2920.86328125,1789787953727.114,1,1789787948464.4722,1,1789787945543.609,1789787947861.711,LATE_PHYSICAL_REQUEST,1,1,1789787942548.239,0,3,2318.10205078125,C5_physical_admission_short,3,10.842493057680258
True,physical_execution_queued,250,554dc006d6e9446fb1f5e80e39a6727d,,,0,,0,1789787958098.3088,,REJECTED_AT_EXECUTION_CHECK,0,1,1789787955101.9849,1,3,,C6_physical_execution_short,3,5.204507828239002
True,physical_execution_queued,250,4cf45e29538d4d17ab4c0736282a8b10,-15110.25048828125,1789787971798.2458,1,1789787966288.302,1,1789787981398.5525,1789787965772.691,ON_TIME_PHYSICAL_REQUEST,1,1,1789787961402.673,0,3,-15625.861572265625,C7_physical_execution_long,20,5.603996276477119
,broker_offline,,c712e2eea9c04a0c8dd5a416ce6446ef,,,,,,,,BROKER_CONTROL_PASS,,,,,4,,C0_broker_expiry,,
False,physical_baseline_queued,250,aee436d63b0b48b8b3e51c543ac2c4a0,-2197.3359375,1789787983648.749,1,1789787977960.895,1,1789787980158.231,1789787977162.3372,ON_TIME_PHYSICAL_REQUEST,1,1,1789787977166.07,0,4,-2995.893798828125,C1_physical_idle_short,3,1.3124942779541016
True,physical_baseline_queued,250,ca465bd090c748299b3db8dfa115f085,2346.674560546875,1789787996495.978,1,1789787990555.0088,1,1789787988208.3342,1789787989737.978,LATE_PHYSICAL_REQUEST,1,1,1789787985212.6401,0,4,1529.643798828125,C2_physical_queued_short,3,3.423419952923723
True,physical_baseline_queued,250,beb1673f9b064e439826e891d817da55,-14671.725341796875,1789788009603.187,1,1789788003558.311,1,1789788018230.0364,1789788002746.068,ON_TIME_PHYSICAL_REQUEST,1,1,1789787998235.079,0,4,-15483.96826171875,C3_physical_queued_long,20,5.451816558888822
True,physical_admission_queued,250,ab79f1c1be394352b787e719e7cc6362,2325.743896484375,1789788022503.763,1,1789788016566.473,1,1789788014240.729,1789788015734.911,LATE_PHYSICAL_REQUEST,1,1,1789788011246.499,0,4,1494.181884765625,C5_physical_admission_short,3,4.7978019720176235
True,physical_execution_queued,250,387602921ae8402283fb1f0922a90227,,,0,,0,1789788027220.8508,,REJECTED_AT_EXECUTION_CHECK,0,1,1789788024225.395,1,4,,C6_physical_execution_short,3,8.57996940612793
True,physical_execution_queued,250,7455bc95811643f48374ee7ad450cd6f,-14154.78076171875,1789788041735.844,1,1789788036433.661,1,1789788050588.4417,1789788035851.839,ON_TIME_PHYSICAL_REQUEST,1,1,1789788030593.555,0,4,-14736.6025390625,C7_physical_execution_long,20,7.358312606811523
,broker_offline,,5350d37e2cd843219d01266f4aa2ff0e,,,,,,,,BROKER_CONTROL_PASS,,,,,5,,C0_broker_expiry,,
False,physical_baseline_queued,250,d57cc55cb55246a9917c25b32c659ee8,-2203.2490234375,1789788053739.4258,1,1789788047889.079,1,1789788050092.3281,1789788047094.285,ON_TIME_PHYSICAL_REQUEST,1,1,1789788047098.0571,0,5,-2998.043212890625,C1_physical_idle_short,3,3.0752925868000602
True,physical_baseline_queued,250,59936e4d07b5424583bb1c08dbc91c1c,2315.23388671875,1789788066741.353,1,1789788060689.1191,1,1789788058373.8853,1789788059786.661,LATE_PHYSICAL_REQUEST,1,1,1789788055378.54,0,5,1412.775634765625,C2_physical_queued_short,3,4.893913268460892
True,physical_baseline_queued,250,b2a579ba087444799a45681ea4d98045,-14859.989501953125,1789788079648.406,1,1789788073606.831,1,1789788088466.8206,1789788072877.863,ON_TIME_PHYSICAL_REQUEST,1,1,1789788068471.9,0,5,-15588.95751953125,C3_physical_queued_long,20,4.070585250701697
True,physical_admission_queued,250,3262d5f95b8a49feaa95ccc15d70a59d,2324.719970703125,1789788092551.786,1,1789788086701.581,1,1789788084376.861,1789788085987.4402,LATE_PHYSICAL_REQUEST,1,1,1789788081381.301,0,5,1610.5791015625,C5_physical_admission_short,3,9.044542312949488
True,physical_execution_queued,250,f0a79dbac0614357b3988d283105087a,,,0,,0,1789788097180.6797,,REJECTED_AT_EXECUTION_CHECK,0,1,1789788094185.458,1,5,,C6_physical_execution_short,3,1.767873764038086
True,physical_execution_queued,250,62b8926a02fc43b7ac1616115c40c211,-14036.325927734375,1789788112623.188,1,1789788106602.747,1,1789788120639.073,1789788105970.1582,ON_TIME_PHYSICAL_REQUEST,1,1,1789788100645.388,0,5,-14668.914794921875,C7_physical_execution_long,20,2.9667797089132364
